path,size_bytes,sha256
.gitignore,599,b9e3f7340dd2ef16b0280bb76baa940615046e222cda76fa3e9a48485236cace
AGENTS.md,882,4c049b79697ba5825177dee42e0c2197d37e0e3674e3b435f017bbfc79e2749d
catalog/excluded_artifacts.csv,1006,3205ac878c5e73a817905b1b86835f1f985c986c34438299f85510f61738cf99
catalog/experiments.csv,44606,c939428ed767fcd23fb56e16e5f4a478804089a88aae78b844d404af7851524f
catalog/experiments.json,62738,c56c11b315f5bf540b7419b194396107935592fb5d92ca97ffb4bd6052476e75
catalog/README.md,712,5d2bb045b59a84a901c06938bf42e6538ac51e023338d0e5ab8311b8e21e27a8
catalog/source_copy_audit.json,294,77f29a46bc6723ec0c38ab2dbe67c02b91126a5ddc949fa71afa9dcc5327ff7e
COMPETITION.md,24020,119989feb49f84bd9e6839b4215d474a03a44153031c14110964d372f382e09c
docs/BEST_SUBMISSION_HANDOFF.md,12627,c9a2a178c58c80cbaaaba3295463f9d8e0d0e7cdd7bdf3a4b96c3139e68fe3a1
docs/INCLUSION_POLICY.md,1414,49a07964f3857403a25a091e0234757741361a460435c1d2077196b4cfff5095
docs/ORIGINAL_AGENT_GUIDE.md,13612,620605f3cdbc394780f17f33e312e25a41b03df9b5adc3b6aeb1a57116d807e1
docs/ORIGINAL_PROJECT_README.md,7475,fe12499a1351e42d75ff5646bc1b5efb32762d5d7e2d98c5dd5675c9169ef5ce
docs/REPRODUCIBILITY.md,1850,57ee1462ed3d332247fda643881f962e3eb28ba41e44c09aca75a17a1fa7415d
docs/RESULTS_SUMMARY.md,2410,9cedfdd64408d7394181ab352526e7f89fcfc547e7e18422d67f03569ea58e29
docs/TIMELINE.md,3819,8689ae1007a05819da63cb76225c49dfd9bfed43b280d44f20f3b7be91bcaccc
eda/EDA_REPORT.md,56271,4c0163f8af3ce057d1d632cf4b5be9ee853e6358c60a978e9c48a591a2f3b0b2
eda/figures/drift_within_vs_composition.svg,2864,11732e7f0bcabaae9d2256578bff75129d83bbdde37da452c563b8976e82d3e6
eda/figures/numeric_target_correlations.svg,4042,347f340c7bbb26435ff9fd15479f255a960710d935bb53cdc26cd9022863ef9c
eda/figures/pitcher_prior_calibration.svg,3390,32eff60cf41e0988cbc1937ec2951ec3f9c77166047149041908db53463c9164
eda/figures/season_to_date_vs_given.svg,1948,876238d63c2acbdd96263b18146c38754d86a4c53e1f8ef9092d1dc2bc5be1fb
eda/figures/target_rate_by_base_state.svg,2183,6480412948d4596521df1a49290ba96cc412bdcdbac05bce8e5d583d65002155
eda/figures/target_rate_by_count.svg,3682,3f882dd663d61ee04e7605b8b48d03c09298c9f4525cdb78ac261a26104688cf
eda/figures/target_rate_by_season.svg,2644,94d40f022659fa5fd05ca2fb4e9527c2350604f75a001b77145bd934e8ebfb5d
eda/figures/target_rate_by_season_game_type.svg,3051,0f4435f1d2f51f2f0e797954d71cc313e67842ec7a36fa856eb664e4d4964820
eda/figures/trackman_between_within.svg,2930,38ac3cbd4318783b56b5b2fb15ea9affeb528c911bc4124952da7a10768f464e
eda/figures/trackman_missingness.svg,2448,3971e942e91cbc2b85b88edd37cf648f70945b73c0c39bb5ce09bc51c82cb436
eda/figures/trackman_pitch_mix_by_season.svg,4378,593b6faf9f2178fd3831a1c226af202fcfbb3e5c5daedb9c49306978f2905a09
eda/figures/trackman_speed_by_group.svg,2911,6fd68810f6fa3464c6c9b07c1d35e205d0ab347e2c2656c2e5c37e454849e443
eda/figures/train_missingness.svg,3995,8e1cbc3db02264a6d2a0c2566bd4b194b0d856e256555c57580e68919ece12f1
eda/figures/train_rows_by_season.svg,1774,03617e029414b32a30ead5e4f553137c7c70627c29955005172f8e35a3109cde
eda/results/eda_summary.json,157027,171924b665aa19f2c8ea3014bfc9745b243971cc1e8b86e39aceffc4f0116c56
eda/results/structural_summary.json,50985,7bfec64484dbd96b249e6899f48b88a927887276c713ad89915e437b2696fc28
eda/run_eda.py,63864,7480f459e2d7c547ffe9e8f54d70b56f71db20f14db2f58e6a77cd4543cbed9e
eda/run_structural_eda.py,31236,3cc79fd2e6f62404cd9046d51de48b8fbe722b40ac18cd68bc0e727928585355
EXPERIMENT_PLAN.md,46332,4d09ad5a23417eefa90032b5798520ae4197d2f86743d357c96d8f6c2e8bc877
EXPERIMENT_PLAN_V2.md,56540,5bce5ef0c2f0b48adf655fc9bf56a0eb65b4e32adefafdf19fb9ca67d5afb965
EXPERIMENT_PLAN_V3.md,15907,dda224507dda83dd159a4799960d8cbe890fa5c54a5ee0fa133868262b1d6581
EXPERIMENT_PLAN_V5.md,10597,2bbf72e05614ae22bf6a997fa2a3a31257e0a09e439c6cbde8b528cc90c60fdf
experiments/analyze_v4_c3_source_replacement.py,7900,c947da21dd34bd0dd9a99bd749771aa4e18bccf56218c17c0ec29f2af062548d
experiments/analyze_v4_compact_supported_ensemble.py,7658,9d3ca0ab7b3ff989e7b6c3d428dae911e33124669cea320a913c11d23e06a7a4
experiments/analyze_v4_conditional_ridge_stack.py,8578,53067e2e24518c50c26e3e746d3d32571bd0d3cdf40bba1925bdd591c70271b9
experiments/analyze_v4_context_cat_delta.py,6605,456856a7ca23f0b771fd3163d6a08717741e5bd9c239d076df0e62649ba75112
experiments/analyze_v4_contrast_direction_stack.py,6943,55df81cc26d6d3f8d33fd0ae2936d0e7c4f34e4530b3d18b8b0b5e4873555be5
experiments/analyze_v4_contrast_effects.py,13204,5f34ac8c5b8b8e92921cc8f7434895e250632aefcd6a05fe9284248f91179cde
experiments/analyze_v4_current_residual_catalog.py,6626,1fbb7d6b3a6b72df3a70667a2fca8ebc8007e0bcd38344d09909b48e4f455466
experiments/analyze_v4_decayed_differentials.py,18485,9bfad1d9ed97ce698f290d380c07b4c7e816e03890de99b8c8933c8dcda43b1c
experiments/analyze_v4_deep_oof_stacker.py,16792,cd87e04407d59644fbbec40f1e95fcc09d45a99770b62c116faf913b160d1668
experiments/analyze_v4_failure_decomp_blend.py,7504,ca441e9afc383d3ae8e0992b639a33f33854dcb929839382621670cdb294074c
experiments/analyze_v4_final_calibration.py,10356,edc51421081b3af85fabcab75ad6e38b918eb7b8dc0d768ef0b4207681fd988c
experiments/analyze_v4_gated_hier_residual.py,12907,03f2b65c1f2922a4a49fe52fa66c6d9831abd78b102fb73bcd6fea6b0b2e99eb
experiments/analyze_v4_joint_neural.py,8076,1e33e23ee8260ce826e24e29121825ce9b52201dac71280899a51fc38761121a
experiments/analyze_v4_joint_reweight.py,13997,bd16d49fbdaf1c8a7c44239c427c480d2987ddef806720dca0d4ab6293549907
experiments/analyze_v4_level_effects.py,12297,908542981c1206fa13538057e91716edae038f0328f3b5b1a6aff8a62ebd8b3f
experiments/analyze_v4_nested_context_constrained.py,752,8b49bbc8c98cd5eabc8bfe66e64ea3b36f73ead73af7ccefa47efcc912924be9
experiments/analyze_v4_nested_context_expansion.py,15399,627c5e123064b21e7ef041572225f68940a710918c66caa9c746c212695790f4
experiments/analyze_v4_nested_deviations.py,14648,3fbdd56a545368636a1d67439b936e743478d023bba9a0148af6ffc94709b8fc
experiments/analyze_v4_nested_direction_stack.py,6814,2a7a16e74c8737a0004ceaa237b2dd6fee85b3646d77b45755f8717960c8afcf
experiments/analyze_v4_neural_multitask_residual.py,13628,755b8e50ecca9a23850e0d2ab3c0ab6aa3c8ab22ec169609a70124d9d17acc24
experiments/analyze_v4_neural_residual.py,21275,c78d0b592f30c32ec37258fbffd450cd6511879dc18c59f8bf48cc36fefab66a
experiments/analyze_v4_oof_direction_catalog.py,14646,fa90009192ca33ca1b41a236b99ff543e02d1a67745d757bdd23841c5f99f268
experiments/analyze_v4_oof_residual_catboost.py,9637,332fe4d6694c616fb984405cbaf0ab1052f729bde3eebcec825d3488afe0c022
experiments/analyze_v4_oof_residual_differentials.py,13332,5cb8d8e3aa21df17e6a47b972f044def85a4eff254f12234c15095504b22dee4
experiments/analyze_v4_outcome_component_reweight.py,8449,b7795af9f0b5948f3f184f64ea62595ebdf16a2b0b6bdcace2f185fcfd47107d
experiments/analyze_v4_pitchtype_failure_prior.py,25457,4a3163cc79d67d722e40137144ac0c78a77cdeedc2fd352513e63a39da61faa6
experiments/analyze_v4_player_state.py,18406,ad69cd35877eb14d1a1d9f2e4ea3ae5b4ae61f30814e879e82c31e64bb8e0c97
experiments/analyze_v4_post4_c3_axis_screen.py,10933,cc50c9b2b5a0a57cd1a9a62fdef1490d421ffa9df4a220b3b9e1d6ba9d03cd1b
experiments/analyze_v4_post4_c3_joint_axes.py,12158,c0b45aff2bdef4e2367911f117624f8babef93bc3ef34576dea8ed802db90545
experiments/analyze_v4_post4_c3_source.py,12429,766a4543ace480d2dbab7fc7236663c073fca87e45e5bec11816f4b370cc7853
experiments/analyze_v4_primary2024_sparse_stack.py,14886,9b12f4b532414b3476a8d288cb0ceea69d12e106c07301e9abb3195f03b7fe96
experiments/analyze_v4_public_residual_postprocess.py,20014,b8a6b36d950617e52893ecd5b0a3c32984c3954ba8eca17005cfb297da7c0ab8
experiments/analyze_v4_recent_r_cat_stack.py,4738,ad99da0182b41a9f2a9d0ee4f294bc294c5e54e82878ebf0d30042452fd89a6c
experiments/analyze_v4_residual_effects.py,16945,276b1dc555cb6c904bc72ead2c72feef63ae7275000e9f2a63b5ec0d7565af4a
experiments/analyze_v4_residual_ensemble.py,9331,bb1da48fac57c94d7f12096ede12faf3e542b61e0da0b4fd4f283f8104c29e6c
experiments/analyze_v4_robust_group_effects.py,15797,1787bff0e0c67b8568a06542c864468201e262a53af62347770fe7285ce1ae64
experiments/analyze_v4_robust_group_stack.py,7412,a50b9a088fddbffdad7efcf9c72136c3af99c4df5c291022154288301da081f2
experiments/analyze_v4_semantic_direction_catalog.py,13069,48ef280843b2a8fdc9ef07be0319d9f35c2e6746dc9faade0a1717060be09156
experiments/analyze_v4_supported_meta_stack.py,8542,33d2c0f88aeaba33ae4199c30669cbf0d5366d54b8ba82dbb7ffca90ead2b13c
experiments/analyze_v4_tabtransformer_ce_stack.py,4360,c09aaa73e9391f6e6c4a4c227ed2941323d7627e435159beebf82d1b98f24245
experiments/analyze_v4_tabtransformer_direction.py,4674,6f807a69854fd8b1720b557f962d444717e82f2a20c578d124b2c4e130da76b6
experiments/analyze_v4_tabtransformer_seed_ensemble.py,4728,927543a3ecafb9ef2cec699e57a90a1d7e57a7bae4fd8106fd16b9fc32dd2d0a
experiments/analyze_v4_temporal_direction_stack.py,9173,10ebbd3fc5247606c2015568b80e3701ff322a131e349ff13c8fba8e4427451a
experiments/analyze_v4_temporal_residual_models.py,21383,cecf490238961593eeeebe3114fa0bcdc480b68a3ab330d0222377a5ba966378
experiments/analyze_v4_temporal_residual_ridge.py,24393,f88f5b9b1ff5f346f7f935311537c66c4f5fd1e9a2f252509053925e00aa2ee6
experiments/analyze_v5_adaptive_state_space_source.py,9167,06f5716d76ce5b434f83a689173a7db44ba03ee39e18e3d471ef245f109b0238
experiments/analyze_v5_artifact_inventory_audit.py,8471,e609c7131727ed9e30a0426e7fcb6ab660b41e9305b0af9b2b15f5e968727b61
experiments/analyze_v5_auto_pitch_joint.py,9017,8bec0a98ae44cde379db6ded6ef8710e4488f76211524ccbd58b2ab01d31dd44
experiments/analyze_v5_auto_pitch_profile_joint.py,12421,ff97e06850778a1b53db343862f428ca074bac4c605aea9f4bd5f95a72b25055
experiments/analyze_v5_batter_pitch_selector_source.py,5454,da9f05dafd587391b54119f8c240d7ac779bfea24ba75a46eb0bceb19e6fa155
experiments/analyze_v5_batter_trackman_rich_source.py,7300,3f93157e1d0ffef009b08f0146903b957fb5e95128c51a541b76e3cd5c1ab052
experiments/analyze_v5_boundary_appearance_deconvolution_source.py,31097,4b77d6e932caee3730ab10737140a0d8b5c64d1b05e429a4e29a5e7f4e747519
experiments/analyze_v5_clean_three_component_upper_bound.py,13393,38e4a2255860d71d1735e3e25fbdec959db0b7501595cb9a3e1e2a538e83aca9
experiments/analyze_v5_component_pattern_moe.py,8106,e01f5c0a805ee30a62228f4f15a0cfb42a659069e6bf5b4029ae418f2cb53429
experiments/analyze_v5_conditional_physics_integration.py,9530,be7b2417bcf1a421aede5e60ef7e5db461c90fc22fd30b8bc8647166d309b76a
experiments/analyze_v5_contextual_privileged_marginalization.py,9566,3f5f38b7c156abac6b2e1ca543b230e687f7496bef13e9fc5dc7382233984d8f
experiments/analyze_v5_control_relevant_pitch_selection.py,15956,f2619a0c5e56b57f0e55bd6d17812f4cc976ce7ba95c3576838105aca9164c85
experiments/analyze_v5_count_moe.py,12339,4e78574a5bed732d55da2e11b3fe9556687c95b0887f19d37826f277aad51d41
experiments/analyze_v5_counter_reconstructed_pitch_hierarchy.py,36408,321c271bc8861d3ea666dfb4b8cfc3b7dd686715dc4a8be6a8cf0fb930c01a7c
experiments/analyze_v5_dense_moe_locked_selector.py,14616,66d64915834a15f9bc6568736f3325771b1400d114cecd96c87106fa059d92b7
experiments/analyze_v5_dense_moe_reliability_gate.py,9852,b8a00e917149abdcf27d7f2071ff361a460dc35821c7cf4769380d8908284497
experiments/analyze_v5_dense_moe_structured_selector.py,10668,f5402f25d59c9319c3fd959081b39734a24672b9018ddaef2b49607232e35c85
experiments/analyze_v5_dense_multitask.py,5612,21d6e0a14f7e04fa7aa23bb6e3f7ebaa0f272f49aeda28dcdbd2474c5cb53f2d
experiments/analyze_v5_dense_physics_pitchtype_moe.py,11443,79033d3df919f528d40ab30628ed5867a1f9bd28c1086f9df9a4cefc530a52ff
experiments/analyze_v5_dense_physics_seed_ensemble.py,8075,dcb312c6ef98a40bc9591d69545937e1870c4a9b394e4cd60bba50cb83c7a299
experiments/analyze_v5_dense_physics_seed_ensemble_dev.py,10638,29745f3f888ccd2b03dc83f2bb4f351884ad2a92aba9dbcea925f790386dcd8c
experiments/analyze_v5_dense_pitch_joint.py,9058,b6b900e9a6698c4ee8f2a0f550fcbb19a78153bac5ea3141793f848eb7d8e6a9
experiments/analyze_v5_dense_pitchtype_moe.py,13584,80f979f80b48758ab0cd0a17135e42ce6a5b5779cf02315dbb4653eda33c3d1e
experiments/analyze_v5_dense_seed_low_complexity_ensemble.py,8673,25724e907684f28935c79083f213c7b05d36a555ee2b9fcc4b9b61965208ad94
experiments/analyze_v5_direct_season_update.py,10381,eadb2e895bdb46def60afaa0cc436209b4a3d51053d90a43734d8178baa9fdcc
experiments/analyze_v5_direct_season_update_dev.py,9550,ff77a0b7dda289af347ed8d9a11beb1153be3dab45dc25ac3e455480cd015493
experiments/analyze_v5_direct_teacher_integration.py,9163,69e3b5765eebc20fdbca43fe3ab535d0127b68537e3c8aba8a8255818a2ff097
experiments/analyze_v5_drop_month_c.py,5026,238cd307871e8b015eb4ef75ea282b3a3afe55f11b02fdf03c583125d4a513fb
experiments/analyze_v5_dual_state_pitch_triad_dev.py,16759,e3e6cecd531877ad744a297f9b6a33d896f2d17308643cd270dd31d4899ba79c
experiments/analyze_v5_dual_state_pitch_triad_source.py,12439,71e6624b98d424fb84b9e0da51a6c7e3884a2dff33cd31f45e7af9945a399e67
experiments/analyze_v5_dynamic_state.py,11288,a973599c5ee381809a218010cf1a71332a88fbb533118119757102354f05d191
experiments/analyze_v5_exact_c_direct_binary_source.py,8767,300400d7b3565aef3faebe1b6bce9b5bb6b971b5612a97feb8c0e40e5a557e3b
experiments/analyze_v5_exact_c_multiseed.py,8063,573654116d3463722dd86ac9ab9af9c017d9ef8737c87a42d6325af7bfaff5a8
experiments/analyze_v5_exact_c_robust_regularization_source.py,8621,cc73dfc57ef897b31fc03533f9a469b816398b8a59fc1e5131ec6ec9a4fd468d
experiments/analyze_v5_exact_c_temporal_amplitude_source.py,8392,a1da6833f80f5321b27e32722d1bb9da93a262357999d8875a928bf325200f46
experiments/analyze_v5_expanded_auto_pitch_joint.py,10752,0f661132081e1fc64439ba895e101216bf984bf99d7f8d2e80046123a10b11a2
experiments/analyze_v5_expanded_dense_physics.py,13765,aca9487c49d82c7cff1b78033a979a54db4e8388778532c23630527cb9ab17ce
experiments/analyze_v5_expanded_fine_pitch_moe.py,9694,ba92435224956fc5b35eecd9ebf1f839bd1dcf25c3b702abbe19c0cda15241a7
experiments/analyze_v5_expanded_matchup_pitch_selector.py,13363,6261153c36bc7be07188193772df2c77467a4ab6e859d83e7198159faa81ff0c
experiments/analyze_v5_expanded_trackman_downstream.py,14870,6975e760f94e2660cd78f3012b8ab77175534a7a6e24d252bbb291c1b8688e55
experiments/analyze_v5_expanded_trackman_profiles.py,3798,ffe5523a5ff8b05c230d305df7e897fdbd9953bd02d825d81d531425e379af12
experiments/analyze_v5_expanded_trackman_selector.py,14126,2a8f86f0e2d44f9cd83b25f60e91dff91271417a2e80d681ba55b4d234ce9d45
experiments/analyze_v5_expectancy_state_lookup_source.py,13681,ab4fff472018b993182545efb00c9e27c1503ab3afb77bccb538b104def16779
experiments/analyze_v5_fine_pitch_joint.py,9453,1f91536a1f35950af61671a539479eb3b383adbff0c5e380d3a3d4dcb7d20b76
experiments/analyze_v5_fine_pitch_probability_features.py,4581,983237ac8a6c04b22fb0ef4fca9ba64df2c0b29b7e91cec18bf8aecd34370676
experiments/analyze_v5_fine_pitchtype_latent.py,24125,cd7ecb993c29e9673ae2c06d48fe15b5e4b398ae476580fc2b40bbed487ed2f8
experiments/analyze_v5_first_fold_gate.py,5406,6b1703c93b5713675c2894045b8517e9f08ea8bcb344fd3dfaa8e3bf5b9f0b94
experiments/analyze_v5_fixed_r_baserate_trend.py,15127,b07d88bc9e56c0e3c368ac967b5b64c9455a9753dd4e5a13a20ef079f00f19e5
experiments/analyze_v5_game_centered_brier_source.py,9472,66f94c43e449a55820f18107a670b778628d602a12c763eb024bd5e76c819b03
experiments/analyze_v5_game_pairwise_rank_source.py,8633,d844619822f45716c16de909c001125032f7e295b22d30804cf20cbb2bab0134
experiments/analyze_v5_game_type_state_deconvolution_oracle.py,13495,5d6c68ea3ac4cbedfea1e3a1a47b079a8f9ddd661b1683e09f6a56c3e0b0785c
experiments/analyze_v5_global_pairwise_rank_source.py,11321,4b077222db51fff91fc0760d206adcf526acecefe456cf867acf4970e401fa2c
experiments/analyze_v5_group_soft_development.py,12070,e86dd0d7d3a0b8728854a9b1df8a281eb99e03960c53e175a323163e767020fe
experiments/analyze_v5_group_soft_source.py,9713,5274b15349b1a7637aebcf2f08c6183d8cbc5472080e43f0288e3d4b72ba58dc
experiments/analyze_v5_h2_conditional_history.py,9448,3e442df67fcb40b75c5dac26b2aa1c3fd7f6daf2dd9395337b1f4201464c8ad6
experiments/analyze_v5_hashed_cross_source.py,9276,09f6191026d2b6c931b3f6056dbc76ba58a1386d6f6b13fa8a31f0afe2c3dcb4
experiments/analyze_v5_hgb_state_context.py,7914,4c9865a8a2cd5020775a57a7e13a3e0f18c175d5bfd97cae1fea232c7eb46cdc
experiments/analyze_v5_hgb_state_context_blend.py,7649,f3532b05c7547166248a2d671a760b17c64d37af71696dbd1993b846dbcf88e3
experiments/analyze_v5_hier_pitch_joint.py,9623,026a063fbf0bc21dd653e82325dc1b32198f5b314c71177f2d1718f5b4898b2c
experiments/analyze_v5_hierarchical_failure_chain.py,6299,901eb71c6df55319ad3911cc364d7b59b71b013160fa7c0c1db4bd576c3c6ca4
experiments/analyze_v5_honest_transfer_catalog.py,10985,caa71d1ea6b3915ae6a5dbf11c023958070591d26f31bfd79da5fb9b50538601
experiments/analyze_v5_lgbm_outcome_family_source.py,5833,f9e5f7327e4d38a3b21cf74038b97d2c818e7bf34bbd45e0058a167acac73955
experiments/analyze_v5_lupi_hybrid_source.py,5837,b0aa074479aafb621d81f5710497bc2954b2b49ce74eb1af997edbce76cc97de
experiments/analyze_v5_m3_recent_residual_differential_source.py,10738,7f871effc188be8a3a242467d4f427959dcea2f62b417fca2dd19e248cf5b8e7
experiments/analyze_v5_main_id_cohort_source.py,11143,d3e46741d6663297623f7b593801a9f90fa64c57b4ef460a80463158e26c5b4f
experiments/analyze_v5_matchup_hand_fine_pitch_moe.py,11814,ac79341d773a61f9239bb488347503e2bc339093654290168aae200e4e978f63
experiments/analyze_v5_multinomial_offset.py,9639,3969ae80e82a9bb23351861333f636d0fd635fe6b02efac83342068cea14cee4
experiments/analyze_v5_neural_dense_multitask_source.py,6716,d4698f888171d737dcf1796392085363d50004ea467288d15590169a91efe4fc
experiments/analyze_v5_neural_dense_multitask_source2021.py,5393,8b425d8f4fc266e2b692b5da86ddb15e57d05ef77d0ca7a608f1b8d04b03385f
experiments/analyze_v5_partial_binary_fine_pitch_moe.py,11164,9b6b7c1f2a6b1415a116cd8dd1a6a361079f20b324712dbd964dbda8af6a4a74
experiments/analyze_v5_partial_expanded_fine_pitch_moe.py,11903,8347c14e8b1855ee9251d3b99261e1437d9dbb23bf171f99bceb8b075b709040
experiments/analyze_v5_partial_trackman_linkage.py,6065,ab3de33409885c9723f30ec7473e9d7367c34ea3b97379466388feea26193750
experiments/analyze_v5_physics_adjusted_command.py,20257,5bfd77be0682968981ef3b5b0b1bb41b0f7e44df406d907f692b3a4eb556f763
experiments/analyze_v5_physics_delta_student.py,4798,b504e6b8c9e0d739d31195599c98fcbf39738bbc07110e495ca401448fdfd6ab
experiments/analyze_v5_physics_joint.py,9618,6f7b1302b5799fe92e3713fbf052e96420aa9a6754ed60e87757c5b53cc9d62f
experiments/analyze_v5_pitch_gated_stable_route_source.py,17949,96bbcaba6ad9467df20883a8f0ef4df36b6dfd2e57d9ce9c9532f16c0835e857
experiments/analyze_v5_pitch_oracle_delta_distill.py,10902,d5035938e519d2792d7def6646a5c21ad4030f6b609b169670f8236de4b22198
experiments/analyze_v5_pitch_selector_context_tilt.py,6208,20dbc9067bb27c691eb8068ce06191d9227f94a9003255e12f8142285679d220
experiments/analyze_v5_pitcher_context_differential.py,9909,a3e83462a5aa19d46350c5fb7c09e431e6e037d384055f60f63c62ff7dd5a190
experiments/analyze_v5_pitchtype_moe.py,16705,27e91f9227e855f5c3a0ff5d1c3e178bdc85a74ac7d137ecfe065e6ea7bbe78a
experiments/analyze_v5_postbreak_f_logistic_confirmation.py,12349,d928866b66a4d33563fc6ffd1e416241194102949bfad66789b3ba3bb738a2f1
experiments/analyze_v5_postbreak_f_logistic_source.py,15330,6d9608e3f99885a36455fb5fde685afe239b678b3e381b0bf34e1c895834c324
experiments/analyze_v5_postbreak_f_specialist.py,22567,6e50f0c8bad89e9b9e57d5a832a49784ecc7808ffcd06d4416d6f94ed781b3c6
experiments/analyze_v5_prevyear_loss_gate_dev2022.py,8910,bf2880abc4c015872e5132df6cde4c6421b06cbf91074290654035cbae42fae3
experiments/analyze_v5_prevyear_loss_gate_source.py,16922,1b1bc12fdd537de5de264aa503e3eb23fee8dbcf0f31709ecea51b3c42ce8186
experiments/analyze_v5_privileged_trackman_distill_c.py,8502,fbcda4b6806d208278af94b9ee777432135987c6c64e7694e94aac3b7776af93
experiments/analyze_v5_r_specialist.py,10660,c7137824fd17e7621367d8d648be5f317e4328b3ed3cd2b748c0ead05f5cb0fd
experiments/analyze_v5_raw_trackman_pitch_selector.py,16592,c35c8d56d321aded8094cbcdca390606b35692d211ce6f1cb3647258bdae81d6
experiments/analyze_v5_recent_denominator.py,9058,07429a9866a7c3c2e51110cc5f1f32ab981279cdc3cd5b11359cb9cae5a42669
experiments/analyze_v5_recent_game_f_update.py,9049,fe68a6bdd4bc42ae70ddcb3f172ab26286f06e5f99e95e5fd8a492dd2b283196
experiments/analyze_v5_recent_neural_multitask_source.py,4938,bd10438d94f114fcbbb25e74091f787abb7283c1d50155ccdd46bf9dd527d8a3
experiments/analyze_v5_recent_routed_confirmation.py,10958,b8a3793aed57ae0566964e8fe805da5d6aacb3f6346ddce16ce3e684188172a8
experiments/analyze_v5_recent_routed_dev.py,11587,969786cd48ebbe160dd7be266c8ece15fd6a68f6420cded6f9fac9250660cd7d
experiments/analyze_v5_recent_routed_regime_dev.py,7036,aa29005d335d567e9f44158e0a41a97c87aa6e7a7e037fecfdcbe37cfca1a54b
experiments/analyze_v5_recent_routed_source.py,8480,3cfd4140181fb8d10858236e3a078edd2e20a0b9bd876ce8746dedb0bdbbf327
experiments/analyze_v5_recent_workload_decoder_source.py,14532,f583c12f6c4c9872ef6541491971417d9bf12f83b6012a47a71c6e39f5f5926b
experiments/analyze_v5_recent_workload_exact_c_dev.py,17882,ee9f4becd0088744afc582df2314327e28acdbb86002d1e873075b15b4da5e4f
experiments/analyze_v5_row_local_pitchmix_selector.py,30551,78f3f0f526f4e64deab1c627fc7beb96c7bef5a09c976d59142d8b72bc8e9288
experiments/analyze_v5_selective_fine_pitch_abstention.py,14350,b7ef1dd54bee40fd50deb56eb05c022ffc9b6d1955730c7f7f965eafbb2aeb83
experiments/analyze_v5_semantic_row_c.py,5359,9abc68c7cec83aaebb3033038a64054ae7139ec40624caf3f267747542df6b6f
experiments/analyze_v5_success_focused_outcome_source.py,9607,6155a67cea7ccd7b3d6666dba34cb5a700348c7a15e15956bd517c567307f2cf
experiments/analyze_v5_tabiclv2_transfer.py,7876,efd95b20ca58bee8204597dcc5e0e9c23b8dde63d9cf9921919fde944b66e31b
experiments/analyze_v5_tabm_conditional_trackman.py,5502,72b4ed824d332898e88f40d231ed4a44bf517f018b94063b2177fb5eb3dcb2e1
experiments/analyze_v5_tabm_pitch_gated_source2020.py,5763,3c564a6f6b17f7179109dcb8d6b2723bb2dc07844fc98de51bfd5c24916367d2
experiments/analyze_v5_tabm_pitch_gated_source2021.py,4925,858867409e1b117e3d5895d4e5592a17b62d214b2ac340df36531f911aa679a4
experiments/analyze_v5_temporal_multitask_head.py,5777,9a0f896fb5cc909b7a920e71444fcbbba827bcaeecd68dce756c86b60ac830de
experiments/analyze_v5_temporal_stable_joint.py,9132,d644198e86a5c2062a0a09fe772cbb7f40dc74724e85c652fec6f8e75d8c25cb
experiments/analyze_v5_temporal_state_offset_gate_source.py,21825,fe693367a238c39b605745a17346a550bd4cb25f8a8872e132fb8026bbf70887
experiments/analyze_v5_three_axis_dev.py,15249,ed54d92bf51b7d87872cb5cac35f942a60726264f151db7c610a52bf9e3234f7
experiments/analyze_v5_three_axis_source.py,11855,a8fee63991a3c392fd3fc4f783f70f532ac2251adf50a34097eef30e98200329
experiments/analyze_v5_trackman_archetype_stability.py,3816,cd7a0b39bc1aed41bc31cdab01952e1d6f253a75e4755b5b6e70bf54aba29b90
experiments/analyze_v5_trackman_game_repeatability_source.py,7910,a11f967f41e6815c00597ca8db9377b6746814cf2406b3ab59fceed321e61eee
experiments/analyze_v5_trackman_id_structure.py,13001,234930c490506849397e0a54e620b659b80f35c4a85c0ea86721e32d003cd218
experiments/analyze_v5_trackman_inning_physics_source.py,6734,b198c500dffaea00aa2fc92a479ef025861e39d57f649302c4566702a30a01ae
experiments/analyze_v5_trackman_lupi_c.py,5011,c7bb2cf118864abe8c4b2240ed40b9bec6018b2c474ffaa60a9ab399b93f2540
experiments/analyze_v5_trackman_soft_student.py,8655,9f06d266d4c7d574038461ae5c91bfefc7fc3c4fb3bd6454521068a6f691f12c
experiments/analyze_v5_trackman_workload_c_source.py,12214,fc6c792ebc51da2fa6c8d151e6262f14408286188951668adf3b6acbe94455f7
experiments/analyze_v5_transfer_catalog.py,9822,4daea40240c89b852eba1cca5bf14e8f50e74ef6be1823e4ab101b7b99ad19f4
experiments/analyze_v5_two_season_residual_consensus.py,14445,cb062333ef8f0a0655ee5a8abd8468401f73f67b757105fb83a77740e7c61889
experiments/audit_v4_failure.py,11327,4a81903529184da381f096364f4e1f02f4256ac21f8e2fdf9b0814e801a9e445
experiments/audit_v5_anchor_honesty.py,16693,dbb3a9fbce9023dd37e4432778f3ee0de06b184e07f159445d955e129a13ff41
experiments/audit_v5_row_id_semantics.py,17631,4585c1690e7a16761c40cea25a0dd354ffd9b56ff5836c54c807a41a9931c4ca
experiments/audit_v5_trackman_workload_features.py,5106,0a630c59d70e56c3ccf3900b9f017695f496f58e4054798862ecdb47568a63bf
experiments/BASELINE_REPORT.md,10727,955136d8b4e4aa0af57394bcef79002520de2714f61cea4739558b6baaefb4bb
experiments/build_v3_m3_prediction_artifacts.py,2108,859a8f9ba0d36366472b6ba2b1fe2484b8740231ac438fb337b7a4abd56c53bf
experiments/build_v4_champion_oof.py,2186,367b2f97c6054316194933d9d820374f653798fbde39a562d4ba0c97e1f50efc
experiments/build_v4_neural_resnet_oof.py,3366,7d0dae2b6bcb25b070557901630711f5dbe3895bd2348ab6fcf4bda6cdc07e04
experiments/build_v4_supported_teacher_2023.py,4707,f1bca274deeceb0bf4fb3f279772bac267a15153e138b7f0a690b5e7b36a6588
experiments/build_v5_trackman_teacher_scores.py,6118,bcad7eaffe47687a6af5a4a096ca581c26f738fbedcdc35582f0b5e5b7273662
experiments/CALIBRATION_ENSEMBLE_REPORT.md,10565,3bcf463488c4e869919a4694937df0aada81665bd898d82eb74f00440f6397d9
experiments/EXPERIMENT_REGISTRY.md,43373,5a78044eec4100dd0dd98e212679ba71983d4cd39afd12173aa19dca1cf98e13
experiments/finalize_v3_sparse.py,9051,f9e590f9b71184060f7cf4dad1147feebb37a91bdfb1349f43914400dca59b99
experiments/finalize_v4_oof_direction_locked.py,6260,33ef0abee7d2929808149d52c1aeba62721e3476615ef5c6a3e6bdd4449fafe1
experiments/finalize_v4_pitchtype_locked.py,4535,60981ec3389eb73ace3d6ec328755fd04ec68840b1a559450e1328f60d9e1772
experiments/finalize_v4_routed_tabm_stack.py,7101,70859dd544948d0bcd2a37e2c8456b95d48c1b60478f93e83c394b422af9c4c6
experiments/materialize_v5_trackman_soft_teacher_artifacts.py,4105,dd2f78905962ebf9d802391ff362c287e5697cbee2eb47ad567f110833d272ce
experiments/params/hgb_best.json,77,150b5540b28e4d6e9c966477e2e08e3b6d43a3402793b8be5ccffb4986cde8f4
experiments/params/hgb_grid.json,280,3dd0d8c3c51ccb1c79314b3963996e67df4442ef1544da2b2ad59c240ed1fdfe
experiments/params/lgbm_best.json,153,e3d0c619532a334a1f7c61994c408958895ff1525197ff321aeabb7189a1946f
experiments/params/lgbm_grid.json,1400,4de17f3e283d85db1e3e429403822177605378590b726a32e79e66eb1c9da520
experiments/params/linear_b4.json,200,b0c181d7109b37697ce00f47840a5cb2b23cbb2afa050779706622dd13962e8e
experiments/params/linear_best.json,71,b5c01b64360daa4d725a51bef41a8b0dfaef71162e8af065f1324f003c8a5e6a
experiments/params/linear_grid.json,255,b6bc02a7694a1099484c8b943702b87cfde1aade850d63a12b29230e5fa30771
experiments/params/v3_catboost_handcells_best.json,119,696d8d0be579f979f5a5b330b3e85465fd878a84a2c215923f13fe259ede84e3
experiments/params/v3_catboost_handcells_depth6.json,113,9f365b5954e39d30b67ff24ee5378b9cbc7e9368b0fa87e24c5568c2bd73d0d6
experiments/params/v3_catboost_handcells_grid.json,773,2d29769548096c1c809cf917cfa0280585139351f219df2ae6210931b205ae65
experiments/params/v3_catboost_platoon_best.json,117,c6d5404814a95098eeadb3f9cfd2facc4fd5928bdfdb5acf1c80112eaa51e0cf
experiments/params/v3_catboost_platoon_cfg01_frozen.json,113,6f678b80a217c0892b797669571da01d03b1b3dfda2b83720ba614968c7680ba
experiments/params/v3_catboost_platoon_grid.json,903,46bb4a94ae2adfa585c77fd47b4d278a7fc1522261be78b64e758d0f79ea6b5d
experiments/params/v3_catboost_regularization_best.json,117,5514fbe0c05e705959070d1131f40c3a9ac3974872cb35239170f5b729123d6c
experiments/params/v3_catboost_regularization_grid.json,1742,bed0f84fd7e5db917242ccd541c151d19c27d55d44e30ced2b9c255ea7874eec
experiments/params/v3_hgb_strong_best.json,77,150b5540b28e4d6e9c966477e2e08e3b6d43a3402793b8be5ccffb4986cde8f4
experiments/params/v3_outcome_i1000_d7_l12.json,87,e329597e9783cd865b6eefd1433154f0c39d9fe1a1c569833983ed70a8056df6
experiments/params/v3_outcome_i200_d7_l12.json,86,6fc2dba3bceeb45249e012d14f05b539a25a866d70a09da07f9fb533c371c825
experiments/params/v3_outcome_i300_d6_l12.json,86,b76a305f59785945ac0c8e63c0715bb8d7f6696519785f348b64636b5c97d5c9
experiments/params/v3_outcome_i400_d5_l12.json,86,75436ce66b37cd25a941239db9ae3cc60823131be252bdb84442a88b966b2fb5
experiments/params/v3_outcome_i400_d6_l12.json,86,95a4f3114e801ed9ba89d1f30ad58e081e915ba20753ba0e34a840c2b92f9cc0
experiments/params/v3_outcome_i400_d6_l12_ctr2.json,113,c2009a2347547400707f7c004944f9970aad3a641c336e8bceea411d3969672c
experiments/params/v3_outcome_i400_d6_l30.json,86,cfadd6092083bd3486a75d7b48e9f350fd48247896664f62cc05477684016b8e
experiments/params/v3_outcome_i400_d7_l3.json,85,6d0734e54021dde14c1ac7f8521847bc36a48ec1078bc5161de66072f32a5a61
experiments/params/v3_outcome_i400_d7_l30.json,86,7d851f00c470e7d7c1ae29c0a0ad548943e563dee49514284f1f63f0174d5b1f
experiments/params/v3_outcome_i400_d8_l12.json,86,267d2701130b579cb3dfb3975f6bfce3b09ecfeee8102e38bd4059420cf4329e
experiments/params/v3_outcome_i500_d6_l12.json,86,ab4f3c22f4e12f8a3aebe3a8c6389d9f48c66edcac537cb1921c964d462ac3e2
experiments/params/v3_outcome_i600_d7_l12.json,86,474fbfd086b01444f3d76a2842d4e347b3fb8451223308c4e5e24100dfe65893
experiments/params/v3_outcome_ordered_i500_d6_l12.json,116,a79fcc7805c785fdb6f137dfe141d4505b6abd8b917574ec7113651683ced2f2
experiments/params/v3_outcome_ordered_ova_smoke.json,156,a92190e27c4afead753d7b9f31a3a9d8230d15a97bf73518de7ab12ebe9c5d08
experiments/params/v3_outcome_ova_i400_d6_l12.json,127,fc60b1afe4b7bd61d4a84ac680442593bc42de2d6c88d801378f2e73db0e3e24
experiments/params/v3_outcome_reverse_w08.json,196,6bf00c65f92c8dcae8847d30d9038a1c7272bab96f60017abcbb271265d04b0b
experiments/params/v3_outcome_reverse_w11.json,196,80d6639d3b0e4888652f478b8d6d3b3daf45a273f115bee254d200fb67b15c5d
experiments/params/v3_outcome_reverse_w12.json,196,f2dc1741dfeb832c6fe563e9d58b8783f06d48b2720df5bdaa91a12a67b8ba7c
experiments/params/v3_outcome_reverse_w15.json,196,163e5780dc9d62e47432f5dd5d43ebe1fc90893b11043de03f5679ff9ccc0672
experiments/params/v3_outcome_seed1.json,106,605982247553a7e06ba526d357c399ad0ae08b06d510af126dfde1b1393e5d31
experiments/params/v3_outcome_seed2026.json,109,99403acfe821755020cc024731e556b78c7f92e6c974e18e686e9bc37e56af50
experiments/params/v3_outcome_seed21.json,107,30c74a8ce99ef31cb90ccaa0b970f84ea6923b362d61da3067762f19dc176b94
experiments/params/v3_outcome_seed7.json,106,660197a96d6387167a2ba4f22eac6db7aaf85ebee1788aeec4ab6168c8fabc4c
experiments/params/v3_outcome_seed99.json,107,4079d57a1bbb4f0c9d6f7f15d70f04aa466e82653979f1d642b5063dbb1fa36f
experiments/params/v3_xgb_d6.json,188,044ee4e601adc2ad857e53ef707263519391a63af1673e5df667acf2be192d2d
experiments/params/v3_xgb_smoke.json,165,5e4e5c61e650038ef63a947f57916e3926fc9c576d7104c666955d182650f83f
experiments/params/v4_current_state_binary.json,133,889fc21303b9e9f192bd3ef2296df8d20db42db6841d88c30622fb572e648112
experiments/params/v4_current_state_binary_tuned.json,137,78af39c716debfa23286f2fdfbc636f51d1dc2fd4285b557c0085e32f57f41a9
experiments/params/v4_deep_arch_r.json,382,da6cdf7015a4c211348d3d7b0bb4a63f375e8ae771be5b40996c7b2afe32f9ed
experiments/params/v4_deep_mlp.json,304,bba26ba1bfeeedb046452fa137997f7aee5d81c54d5e59d57138cbb62279f93c
experiments/params/v4_deep_smoke.json,347,12228940222cee36fc2ab720b3b61eb2c688d699f38d5fe7803e22ed0d72c8b9
experiments/params/v4_deepfm.json,303,ab0abbc4de2ffb2a9ab018af6e416d3c6d4fbc488f4184d5de464bc02c6ae16d
experiments/params/v4_ebm_a12.json,371,4db62e49de1c9e8a5463b851e43e814d351057379fa68551b45b7ea603302cdf
experiments/params/v4_failure_decomp_smoke.json,106,57d716a3182079b98384525c88b9d7737fa57b06a0050b67fb83caf11078e8dc
experiments/params/v4_gpu_bayes_temp0.json,171,bdf9cd0510038c22d1a5619bba52a9641cd9740dd010ad9c0298822282b9bd3f
experiments/params/v4_gpu_bernoulli08.json,188,dbf2d5cea7e8af44be0c419ed99486ab6d0c98593e45000c29208aad2e3fac79
experiments/params/v4_gpu_ctr2.json,136,7c5aff6b76ca26912c2ac581c4d5b184f387c87f518185ed0e23367a749a4005
experiments/params/v4_gpu_d5_i700.json,109,040484f9f1fed76beb6d7ca8261ff975e13f0bada4c91386034a8ac4fc30db3c
experiments/params/v4_gpu_i700_lr035.json,110,9bebfc70e3bd197ebd25a9b1acf6251d811a0f8a3e8dbeeb777c1b63b214bbdd
experiments/params/v4_gpu_leaf5.json,144,0be968218f4615b7a6b5f38f4671b8fda00c83211f9c38e53fad8b651c316699
experiments/params/v4_gpu_random01.json,135,289938bd6deeef475778edc468bc0c0ded5fa941b3557a8d871cc25004370bc0
experiments/params/v4_leaf_refit_game_type.json,220,0b8e924cc83cf8adb155b6c812b392d55f1de015194375eca3d0ec1820e68b77
experiments/params/v4_leaf_refit_global.json,217,ac1dc64f092c58ce072b137ea9ba14afa70578920aee017c7133f788ed3f24ab
experiments/params/v4_leaf_refit_type_count.json,221,7221f3748cd9c4d6be39173e344bfe3bf43fd88e806fe0202775e92ae4677e58
experiments/params/v4_multi_brier_raw.json,154,a9ea43ecc8c7f4948bfc393f7e9934feab97f6ba62b96652a75d2d83bdea8b2a
experiments/params/v4_multi_brier_simplex.json,150,500c0e214232b7e3cf164ec4da8053e931f62e692c583ea2790233167ab044f9
experiments/params/v4_numeric_cat_seed42.json,153,ebfe996babfa4dd60e5addc749ca8b8bcc0fafa7ba06f32157a46ec956420bec
experiments/params/v4_outcome_balance_latest.json,181,e80412d6cc4223c8cc37f1ab1eb110673e9bd00f02a34b6c4fd096402e358243
experiments/params/v4_outcome_balance_latest_type.json,191,51e24e39d82973ec2fa7c737a7d4eb8deff1337289deae0b5a6a42fd7623f224
experiments/params/v4_outcome_border254.json,132,5602f1ea6961c28fbd5c9f77a1b37e6293cdf29e03d659aaab49c932d6ab8833
experiments/params/v4_outcome_depthwise.json,189,0c0d21242874a16221e3514b20b8335dc9835c2a1bda1b18b2a1b09713218223
experiments/params/v4_outcome_lossguide.json,210,c4cf39c61e33acea9fa54af3d0312319c81c6b24223a118335bbfc79d9bfc4fa
experiments/params/v4_outcome_ordered_i100_d6_l12.json,139,87abfa0c1e3dfd92604391aee5d5212e561b7ce6e608a5294b450a13eb57d205
experiments/params/v4_outcome_ordered_i200_d5_l12.json,139,069c1a029e915912166a1314177b191af34bb0f659d794b798e5bd65fe91177e
experiments/params/v4_outcome_ordered_i200_d6_l12.json,139,f895986c42acb08d67d66e30cba17792e7193f9fd4bd0b0f6c7dcb2eb4710d6c
experiments/params/v4_outcome_ova.json,150,5a02317154ded5a7ce5089c95f491fe612671e6f05ff4f84e7d5a934791ff283
experiments/params/v4_outcome_weight_failure.json,210,967900883c9db859c0c065e52f8b69bc9968abf220cca4791ff89c4196af8691
experiments/params/v4_outcome_weight_success.json,209,b6651b204366b8ad878c05e77d412041c079890824ba518acb23308bbda62912
experiments/params/v4_public_detail_cat.json,277,308f2d94202f0d35a9d228a83c9bee3cd315c1ab65ece19699fd8d7eb004c811
experiments/params/v4_realmlp_r_outcome.json,212,ce46a064ca3bd00e91081b3ca90cb49aa8ef3d24555feaa81934d696e92541d8
experiments/params/v4_realmlp_smoke.json,155,3b8a2f97a50326dd5ad8b0dc831748fa26496a7ddebba1283bfdd8a3812420eb
experiments/params/v4_realmlp_td.json,212,10c6d5878a95c1f9171af3232cfb2d7bddc350e424c86b528477cc6d9e2dcf23
experiments/params/v4_tabm.json,303,95b83a31f34a3472281dab794e2c78a9441b3804015e721007f6bd4c0e9eeb7e
experiments/params/v4_tabm_binary_brier.json,276,4db19a3411fa1df66edfe24c64894b1352295e1828856dfabc89b6c533fea9f9
experiments/params/v4_tabm_members_smoke.json,333,1b8d93d74162846cfa5dc5de9e3a5f571f083538583c695d2fd307b4326eab89
experiments/params/v4_tabm_outcome_ce.json,273,0052d21ef51a22e877731736307ef41b2a0b8438ecd222e31af9f144b2c2bdb4
experiments/params/v4_tabm_outcome_ce_k32.json,271,7673d438ef47266076c4fc5ccd0ceae0a4128fa5bfba470475fc128b178f1301
experiments/params/v4_tabm_outcome_ce_k32_curve.json,377,0b8654697af38a5daa339779f0188d5bdd04610370681da211b67274642a7250
experiments/params/v4_tabm_outcome_ce_k32_e13.json,271,2129b10b5ff845099533e6d1dd671b01c296d845fd56215ce6725139f4522ba5
experiments/params/v4_tabm_outcome_ce_k32_members.json,335,ae4766ef43c990f4efd47c9df7cadd33ace3dbabb1edffa95841a1dd43da4f9e
experiments/params/v4_tabm_outcome_ce_k32_members_fixed.json,335,3797052c2d67eea3b8b16b684054855bd3caabff122c7acaa4e81a8c05e434e9
experiments/params/v4_tabm_outcome_ce_seed42.json,271,5f9a9b3234fdcda82ec69c4d82d03b77c4f4916ff3571f9aea5c06cf671bb73c
experiments/params/v4_tabm_periodic.json,416,56212af263c170f980f18cb2136dfcbe4fe7414cb6240e93e531b43bb84dc8ea
experiments/params/v4_tabm_piecewise_curve.json,452,6f8e0f948a6d23bf12a5ea388e47c186056248913dce2654c5d232e4c5e2280c
experiments/params/v4_tabm_piecewise_smoke.json,342,81b35457fa02d8eb7408fc48853ef527db1ae1e2b29421ef1e47ce7db145aeba
experiments/params/v4_tabm_smoke.json,383,119f2261d1a8cd15b38b33ca743a0eaa973a6dcc162f8b81b534e47672cb6fc9
experiments/params/v4_tabr_full.json,258,f00b86a5261344dd0edb32d0558bc35562e2d3d945c14f70023a30c044c1d6a6
experiments/params/v4_tabr_smoke.json,219,96030a4cab0292d4c880d7e94453031e086263cc77e1fe5b9507f263d1264fa7
experiments/params/v4_tabtransformer.json,377,329edf2aab8e1b8bbe5ac41fa016f1cc2f3956164d2257afd2200f233abc6d63
experiments/params/v4_tabtransformer_r_ce.json,352,7ff0173613d48790f5487cbf3ad69bd10a812b4446756efa42da7fee207dbea5
experiments/params/v4_tabtransformer_r_seed42.json,380,d5095019255f3a30749e081e905b8db345f1c5f1932a572e876aaf37a1ea58ba
experiments/params/v4_teacher_rich_cat.json,185,f10d0eae4eb7e877aa0a8f7ef98a1b05a0c772102684431ed295abc2481257e2
experiments/params/v4_teacher_rich_smoke.json,183,e38747f8a803fe3e1cad15df02914b991b52528ba27c40bd9a751a5b501d76c7
experiments/params/v5_adaptive_state_space_preregister.json,3484,6928e0c3977eb79ee54cfa230da01b7e6f6a131a644a4b3173bb9d6915aac0ec
experiments/params/v5_artifact_inventory_audit_preregister.json,1059,d3a0b134c405526a064eba00058826fee04a769659746fa0c53b2194e2eb8435
experiments/params/v5_auto_pitch_joint_catboost.json,109,23a02f9d22b55992b7f649880cc102015eb6a6ba7295b5926db8715d5b924039
experiments/params/v5_auto_pitch_joint_preregister.json,2368,7640400a5e5b1ef056f38ed767d77297ec589de19b1b4d2f6b93f4686d4face9
experiments/params/v5_auto_pitch_profile_joint_preregister.json,3516,dad4e531612816e247edcc6d7abc6931bb363975cbb28288a0e22e912c26341a
experiments/params/v5_batter_pitch_selector_model.json,353,75021e23bb241c4f6c79734b85ccbb1a5cd3b5f35ef01f8eed110043d53e523a
experiments/params/v5_batter_pitch_selector_preregister.json,3422,b972938f0338bf6d18e1208d65668084c36ee94ec01a0c079a4a2692578d2aa0
experiments/params/v5_batter_trackman_rich_preregister.json,2396,764086c36c16cd76968c243fe6171a6c80c7a053cb1db401f99e73899c63b8f9
experiments/params/v5_boundary_appearance_deconvolution_source_preregister.json,4892,16af26656073b90dec10d13f1d46637b1482b0a404831180c41fef3cf70cb69a
experiments/params/v5_clean_three_component_upper_bound_preregister.json,1464,74938faa27d22361cae33d8444b85c537f824aa3b7ee1d99f4fdcd9e6f1971b7
experiments/params/v5_component_pattern_moe_catboost.json,149,34b1eee40b80b9cc6bddd2ab9e1015bdf96597b2ce82573cb767a92e86c981d6
experiments/params/v5_component_pattern_moe_preregister.json,3210,cab77b066e00db70977c82704550a257437a70d78d65b8c526502a403c784931
experiments/params/v5_conditional_physics_integration_preregister.json,2366,2e2df759562308f8d6871cd22cbf1f37ce9b56e7dc1dfb695b31ae4ffa5e2a0f
experiments/params/v5_conditional_physics_integration_signal_preregister.json,3037,faf7deee291f902d8b73a7c423939182daf2f0051ee1ddbaa997e5d7922fdf1f
experiments/params/v5_contextual_privileged_marginalization_preregister.json,2328,9b0c4877fe08c99cccf008a2a1162bd5e479bbf3c77f1ce464e693130125b929
experiments/params/v5_contextual_privileged_marginalization_signal_preregister.json,3284,b489e18f6a9482dbce4c49a6feda7aab2e5efa45685a70def2e56587a94948c2
experiments/params/v5_control_relevant_pitch_selection_preregister.json,2578,003d2064615a8495e04166633ed7f638a2cfb6e6a5457ec2574bdaf38e445651
experiments/params/v5_count_moe_preregister.json,2192,ea5d5a27e7123d08744ef0cd08c23eecb27f6a2ecb478a98eaba2f47b14a083e
experiments/params/v5_counter_reconstructed_pitch_hierarchy_preregister.json,4485,ee3ac277ec1f16d1744af6563c3c8b00ee1ffdb81f2d7770c1d1a12d59fab8f1
experiments/params/v5_dense_moe_locked_selector_preregister.json,2624,39ca59e260252c05a8577f23e9e2b4084d993fd53890124e7df9d506c198d56b
experiments/params/v5_dense_moe_reliability_gate_preregister.json,2501,c17954e2a9cbc181f0624dcc22545af400a7547806a1b820139329461366a80f
experiments/params/v5_dense_moe_structured_selector_preregister.json,2827,da54046270a2e8401b7e2dea37e45f46ccabe3e068c49d9d0443e23b6269bba5
experiments/params/v5_dense_multitask_catboost.json,143,8b4fcfa18e4f19c9329b4135a040c30dd88332ecabdc176eb08945ceacca75a2
experiments/params/v5_dense_multitask_preregister.json,3112,b2d9f63872601add096a911e3d1e510cfa134111014042d0553dc9fa512721ad
experiments/params/v5_dense_physics_pitchtype_moe_catboost.json,333,a178b18b123940f6ec6ff261d5646a9683f6e8fd4855e91fa667fcdc7048e920
experiments/params/v5_dense_physics_pitchtype_moe_preregister.json,3051,3e3e345832356f90f1cdc1631e8870c2e603aaf18173f10809eca573c9779b6c
experiments/params/v5_dense_physics_seed_ensemble_dev_lock.json,2522,65497cbedcdfee0b6d45b6eac958f885727151696edf35724811239c9c103da6
experiments/params/v5_dense_physics_seed_ensemble_preregister.json,1798,6bc57a7a0f935183e96d0992c1ef42aa56d5d391aefe3e264bfc04b029d2dc13
experiments/params/v5_dense_pitch_joint_catboost.json,109,99403acfe821755020cc024731e556b78c7f92e6c974e18e686e9bc37e56af50
experiments/params/v5_dense_pitch_joint_preregister.json,2991,7560054c5488945375ad2ac93c792e5f133c1babaed1500458230be4884ebe50
experiments/params/v5_dense_pitchtype_moe_catboost.json,290,ee7bb31d4d18b6c7bcf81aebe3bb217663e24891dc138ca0036c9cc9a8f8b76a
experiments/params/v5_dense_pitchtype_moe_preregister.json,3947,fd702f99873ab126f769430f959e98e39d5269cb202684ba8ede7132aceec40e
experiments/params/v5_dense_seed_low_complexity_ensemble_preregister.json,1938,87d79b223992ddd5b0a4cd3fa3da441ddf39d94be70ff089597811e15a921626
experiments/params/v5_direct_season_update_preregister.json,2967,9f5b37fef1bfcd3a8d9a13acfe4f6f47313418fc51da3079bc599ce7b08b33dc
experiments/params/v5_direct_season_update_r_lock.json,1940,559629ec5e4bd7f19dd49660f93d4d36f9ace6a76466dba6a2f8900cc7faf94b
experiments/params/v5_direct_teacher_integration_preregister.json,2127,bb4dd9f386799efffe73ccdbd9ed9db51a1869e4a46cb4a0f9db9d32178322f7
experiments/params/v5_direct_teacher_signal_preregister.json,1897,752d783631e1781b778c272101f292f8b3e2f4dcc011b44f2f84d90cdc2c969e
experiments/params/v5_direct_teacher_signal_v2_preregister.json,1631,205d689985ad433569da37cc1a6ecbf136d95c309bbfd4cbbbd2712d2828851f
experiments/params/v5_drop_month_c_preregister.json,2032,2cffe5829c2b97bcf9e9d6b277ee8e926686f7de859ead45059349e69a5d7323
experiments/params/v5_dual_state_pitch_triad_dev_recovery.json,2141,69b1fad53a1f5b4dbfc55b00accfceedddd1427966753dc7e6297ab6fbaa3566
experiments/params/v5_dual_state_pitch_triad_preregister.json,6141,5b98456f462ac6b9237d5b1e7a1b094499888d2c5d5192985dea4619f17eda9a
experiments/params/v5_dynamic_state_e14.json,313,56ee0e6523fc048fb905f93f4ef09b02f26ccc93442480a3c4ec1e03bc431fbe
experiments/params/v5_dynamic_state_hier.json,323,30bc8cca2ab39a4bbddb68b051bea716b65606a676669ab123405f20e06f2f3d
experiments/params/v5_dynamic_state_preregister.json,3164,ed63c2f2c671e829d36a9ee2c0151c375e98dcf623842d40ecc5b9f6a659984e
experiments/params/v5_exact_c_direct_binary_model.json,136,54b14de82c4f6909ee3934fd3b641abb9b2e7e796cf7376caec593abe3f7eeab
experiments/params/v5_exact_c_direct_binary_preregister.json,3762,5178b3b950d0685e1d46816f8aa681cafa0fc26e4d358b48ab5ab66792e17bbf
experiments/params/v5_exact_c_multiseed_preregister.json,2345,694894b91b4083778038d4a90ae18f74097d53d1d4d2cd5ebc0f8518b3772655
experiments/params/v5_exact_c_robust_regularization_model.json,133,889fc21303b9e9f192bd3ef2296df8d20db42db6841d88c30622fb572e648112
experiments/params/v5_exact_c_robust_regularization_preregister.json,3531,8d366e2e47ac41893d8fc3fcb93a3dbc403b6b6fc1eb5a1c832dec21f4c547b3
experiments/params/v5_exact_c_temporal_amplitude_preregister.json,1657,c23023a1568996e788568693ab27a18e344ab5819bb257c0583351558012c1a3
experiments/params/v5_exact_c_temporal_amplitude_source_lock.json,516,75c0ce21387f84dc0cc8cd6498033d953dae94a86a5118012c2f326508fe51e7
experiments/params/v5_expanded_auto_pitch_joint_preregister.json,3240,234fd85d5ef2bd0d2c0fd04ea5fcc9de18e66caf009320dd0a51a321a3f93610
experiments/params/v5_expanded_dense_physics_preregister.json,2976,96d12d4f9125264272067bb925f5e543eedae5c470370ba2b6fe8b3cf4459e44
experiments/params/v5_expanded_fine_pitch_moe_catboost.json,109,aa745d691a7b77520740bf1ca536cf979a1d828102cb247f7528f5ee7f801f94
experiments/params/v5_expanded_fine_pitch_moe_preregister.json,3027,faec2147b1fd09ab5a76c633f026ee5ec3a7c63951ce0f8e3ac4d47a365e2315
experiments/params/v5_expanded_matchup_pitch_selector_lock.json,2091,3097869cbc2febee6a68ee09c6731340c1831b5c5f51bcc9caa73afdb00953ce
experiments/params/v5_expanded_matchup_pitch_selector_preregister.json,2178,7ee1473af0d76e100a30f163086a8b0fe11d88ce228eb33a34f920d83bbacd3e
experiments/params/v5_expanded_trackman_downstream_preregister.json,5387,908f4c16f86863a90ee5ba89188fe601e1e3355d418c5a2001d00218d7e8732d
experiments/params/v5_expanded_trackman_profiles_preregister.json,1541,8694c8cee0167af6c7c7567c804e80f4a5e136705353e9e62bed36120b0c9554
experiments/params/v5_expanded_trackman_selector_preregister.json,2198,dffb7465bb7865efa9000e2130cd2b45f8b29e0102fc357eebd9dc72343b8667
experiments/params/v5_expectancy_state_lookup_preregister.json,3704,88d48630296c22d8abc847b68dcb463f1aa7f638a1bf114dc05315966e0bf172
experiments/params/v5_fine_pitch_joint_catboost.json,109,23a02f9d22b55992b7f649880cc102015eb6a6ba7295b5926db8715d5b924039
experiments/params/v5_fine_pitch_joint_preregister.json,3126,0a22552a1cc96e285d92135a4add3e50bb2c4469f3c0a91de5baded6b7812778
experiments/params/v5_fine_pitch_probability_features_preregister.json,2220,805ab15a38515b34ecb41ec509b44623d6ce007e4dc23431f2e88f3ada06f3bc
experiments/params/v5_fine_pitchtype_latent_preregister.json,3389,d080be3c7c233a6bc9eacf9b9b755e32e99d5c5f9c1891dac7a300ce0644e29c
experiments/params/v5_fixed_r_baserate_trend_preregister.json,3512,69eb79888197e53a91cf8ca7a4475bf5f10d5bf2ac7c1cba9f4af1f68874d3ee
experiments/params/v5_game_centered_brier_model.json,136,b67d595454ffe10612fd50dc4aa2f9915ccb89305517e8e5a6143e26a9a8a5b1
experiments/params/v5_game_centered_brier_preregister.json,2421,9e9c29cfb1b02718fc00c9308c03999d230aadcc1e7cddae3696af5866ca0f73
experiments/params/v5_game_pairwise_rank_model.json,197,d86d4cff4dd4473d085b09c2b9520553c7e4bc2e1bd840265ef16bf1b6152da7
experiments/params/v5_game_pairwise_rank_preregister.json,2455,538509756fe8505795ddbe93e0dd6d6308fb5655702c29d15bb20823690019d8
experiments/params/v5_game_type_state_deconvolution_oracle_preregister.json,3289,6631531241044259b57fd560336f555e6df1a26fb7987e325d0fa8279593a834
experiments/params/v5_global_pairwise_rank_preregister.json,1438,3bfbc89870ffcc37965876e9d4a0e1f5910175150ba122d1c647e6d3d39584b2
experiments/params/v5_group_soft_alpha0.json,328,82c15d72b501db6080f292283a67871b2faa149897949f21a42849122559149e
experiments/params/v5_group_soft_alpha025.json,329,fea06e0d449cb7ae3ff3af7797003463040b3ea07ce47232071efda9aae309bc
experiments/params/v5_group_soft_alpha05.json,328,f7db92cc407c5f9b28b0ffcda37fbc5603daaf4c115cd02c14f9e8fc4b9359d0
experiments/params/v5_group_soft_development_lock.json,2039,2b8a8d3e710da39ef6095c43ffe829ae78f65068717992e1faa93c9abd35b5e7
experiments/params/v5_group_soft_preregister.json,4148,839423dbc426fe8811fd8bf22f3ad7dc1820e2cae5e192328ceaec8ec9b8a11a
experiments/params/v5_h1_residual_preregister.json,3766,7cca45d6cc43b2e5594a4942702cf98a5eb8a4705dab1a77268660403fd14e2b
experiments/params/v5_h2_conditional_history_preregister.json,2759,e9b05e9e4b9f4b42bed24f7713ff94f41918c210f33962c9784ecba915383e4a
experiments/params/v5_hashed_cross_preregister.json,4220,18a06f90a9a1bd48ab8ec8f27ff283845bad878c72b44a389ea804b5f0a9a5bf
experiments/params/v5_hgb_state_context_blend_preregister.json,2526,d7dc404b938bca84460428e5cb80493c2bc0ea58fcef8a234f13ecafd859d5f0
experiments/params/v5_hgb_state_context_fixed.json,585,a4803373273c78806ad87c88801deb194ec88ee9509be2ba7942d3be9565cfa0
experiments/params/v5_hgb_state_context_preregister.json,3257,ed3b9ee7241d94a4995d2a0e984489957f7e7a65a40d03f801f44b98145d82d7
experiments/params/v5_hier_pitch_joint_catboost.json,109,23a02f9d22b55992b7f649880cc102015eb6a6ba7295b5926db8715d5b924039
experiments/params/v5_hier_pitch_joint_preregister.json,2596,264229bbf1422bee5c30aff1797e5aaf9dd874232f095503c5ebfc89a686a2fb
experiments/params/v5_hierarchical_failure_chain_preregister.json,2751,33d6c7033fd8e5fd77020dc123cb0dd85d76b409c1322d2d4865f6d805b3a92c
experiments/params/v5_lgbm_outcome_family.json,308,fa2e7c0633ec16d871fad84bee836227bc9954d59fb5ee3dd93c0d14fbb52487
experiments/params/v5_lgbm_outcome_family_preregister.json,1826,f3604b0266e429c3aca8fc133fad3c609bc82461dd4a93aea9030bd281090c56
experiments/params/v5_lupi_hybrid_catboost.json,185,81475208fd00643ddaa2b65bb9b086e06c404c5e5ac823fa1b4a50e46e5b36a9
experiments/params/v5_lupi_hybrid_denoising_preregister.json,3289,24b529938a9755161b0f01147d79aa6bab59f07d2610ace45f3232ead4575143
experiments/params/v5_m3_recent_residual_differential_preregister.json,3079,61efd7bd40e702ab502f99dfce90dc220b9a4c235d9a1402ff0c3b3ae1d056f7
experiments/params/v5_main_id_cohort_source_preregister.json,2287,1e3872876bdc1b353ae5949b882b4642ede361f88be8d056a9da66b2cffa51b9
experiments/params/v5_matchup_factorization_feasibility_preregister.json,3258,3c4e8a21eac0f35717a932fd7c86a8c0b86c4215b845b5c02c7cb673050716c8
experiments/params/v5_matchup_hand_fine_pitch_moe_preregister.json,2068,2113205b477330d634d5c7e43150e5310f03330f7835df6e0b081664065c0f7b
experiments/params/v5_monotone_state_brier_preregister.json,3725,a0ced4cce1a220e9e48a9e0795b8ffd18aac115ef681fd5cb718276f2bea0591
experiments/params/v5_multinomial_offset_preregister.json,2902,31c777fe523133caa28aa29dd335feb4e018100e9b86c8108259ab4191b0f730
experiments/params/v5_neural_dense_multitask_preregister.json,2866,76e66789c7f3bc9cc65cab5d33ae9934870f562631f01cd6dc8ac067d8e35508
experiments/params/v5_neural_dense_multitask_smoke.json,374,c25d097cd9c247ad6e33cc43a548cd0eee02c57acb3384f4377c0c2cdba5ea1e
experiments/params/v5_neural_dense_multitask_source_lock.json,1502,8583944faedbff37a505e5d640b317e88afd1cef79f3911761e8207a7fb381ca
experiments/params/v5_neural_dense_multitask_tabm.json,376,6dfa2fda29320e557829807a4fb765532235ae2dcef2de4262f1255d61605bc9
experiments/params/v5_partial_binary_fine_pitch_moe_preregister.json,3327,6efb096df4689e411e0cf43dd85ce9dbbe0a58d11bd7cba8026b2240792336b2
experiments/params/v5_partial_binary_moe_catboost.json,136,e921c72638f513b71a431fd9f0e1d422235bd48d4e3a4910187d3fcfd7a1f5c8
experiments/params/v5_partial_expanded_fine_pitch_moe_preregister.json,3650,4828b3ed5550c93628ca5a8d32bcaaa620e27b9d4875bdcbd93dd816afdcaafd
experiments/params/v5_partial_trackman_linkage_preregister.json,2711,c07b98e062d6e265da46a0c1656f332820f80a632f61835f8046c84c3c06c11c
experiments/params/v5_physics_adjusted_command_preregister.json,3569,19e9c8b29a2d34041d1c8e69e6f89ed60460d65ca54a8b7dace31ca46bc7f986
experiments/params/v5_physics_delta_student.json,185,81475208fd00643ddaa2b65bb9b086e06c404c5e5ac823fa1b4a50e46e5b36a9
experiments/params/v5_physics_delta_student_preregister.json,3409,8713cb4a8b56a46661806bac4642c1293aef12417d9e36d52e2a742424fceb1e
experiments/params/v5_physics_joint_catboost.json,109,d3728001b1e0d871c008dc20520449831ec3cb447e7646966953cd7b84413f5b
experiments/params/v5_physics_joint_preregister.json,3292,a88e3da656fe22b36d39e2a6b0cd4697080ce03cd527b24e4dfa55f54ed406c2
experiments/params/v5_pitch_gated_stable_route_preregister.json,2959,2ae11321ffb1996d6b34a24c8ab1c05abd378e29223795802d8497f1329165c8
experiments/params/v5_pitch_gated_stable_route_source_lock.json,811,da15aaa4766ddbb0bbd237d0cb56e784178ba8045e3d00dddd506478f2d9b387
experiments/params/v5_pitch_oracle_delta_distill_preregister.json,3405,cf8277db08153b5fb4ba4a38e2b410c7057ccb7740316514b11aea2270fadaab
experiments/params/v5_pitch_selector_context_tilt_preregister.json,2649,0119cdbc1c9dcd0a2b9984c868935df926b4a07d40165a16e932e87879118168
experiments/params/v5_pitch_selector_prior_pool_preregister.json,2190,0a53e59b032950f753dab0a397177b4dc6a3249987e12137d1e56f5953e009e0
experiments/params/v5_pitcher_context_differential_preregister.json,2379,6678917b9bbf28047ed77110aaaada5692c55d7428b1af8f5e60112848034aa4
experiments/params/v5_pitchtype_moe_preregister.json,3694,6f0a1c1bebb060a9b5703bea11c0f29966e6d33c0289f42ca55c60d391debb52
experiments/params/v5_postbreak_f_logistic_confirmation_lock.json,4015,4bed0688754f9bbf9921f5a8c88d43e9a9429d540768277465c87841349deb76
experiments/params/v5_postbreak_f_logistic_preregister.json,4051,b214b8f2237f8ee9c36f0eff8b24744598db3890ddd4d81cafa069b670204200
experiments/params/v5_postbreak_f_specialist_preregister.json,4315,f47b21ba55c87852e3f03829691be31c529b1696a7de377485ed041974a1955c
experiments/params/v5_postbreak_f_specialist_source_lock.json,624,2cd6ff2bb40c6a3d2d13acae7fa6f35cff20d4b5fc87e7d64d632a365133523e
experiments/params/v5_prevyear_loss_gate_preregister.json,5284,7ba6792f3126670d9bc83741f13d05d3af893ef4e342242a76a40a93e971a71a
experiments/params/v5_prevyear_loss_gate_source_lock.json,1536,fb2a7e96a449109db34dd7191acabab9ec6866730438d8bf9eef819f10b67376
experiments/params/v5_privileged_trackman_distill_c_preregister.json,4211,1bede9db57355bae1bc5b7cf6af120f593972b56aef0f300126e715ced0f7b7f
experiments/params/v5_privileged_trackman_soft_student_preregister.json,3629,c348c48d21965e8717b6424419c05014d0d74ecef6b0d91c75454ddbdb6f9ca3
experiments/params/v5_privileged_trackman_teacher_feasibility_preregister.json,2595,6aecdeea7d5d4a740ba181e941df6cdb5d11a206f8fb086732493a7a65f7786e
experiments/params/v5_r_specialist_preregister.json,2878,2980a45fadb32123b85e296428a1b0f38457521c91d03b4572ffde2f933c1d7a
experiments/params/v5_raw_trackman_pitch_selector_preregister.json,2991,9d6bfa37ded51b19564d3f8dd54a2713336e7c55d9995d9f6a0b3c72e36227da
experiments/params/v5_recent_denominator_preregister.json,2586,4f850b1541b5a4704ff61f16e67ad039dd35b4e6ef51dc2833d67782af070db4
experiments/params/v5_recent_game_f_update_preregister.json,2103,83582473b50ae9e428c8ddaf1601a7537e15ea3b3ce1d258ca50dd744c4d91b2
experiments/params/v5_recent_neural_multitask_preregister.json,2163,813bf2d6df02c84bdee7d86c1eb53e444d46a4c63b77d38735f21f2091591491
experiments/params/v5_recent_routed_confirmation_lock.json,1898,78c3f525e26e03043423c8c8f2310210854ef2e55c74ccf5008541873342c592
experiments/params/v5_recent_routed_regime_lock.json,2006,39ab65303b58456092cfcf100e168fa3573514c9768debb1ba13c4b38a88ea2b
experiments/params/v5_recent_routed_source_lock.json,3210,22cadd27d2df5c45fbbe26ac607afd8abb7383409224feb0da036ece55160304
experiments/params/v5_recent_workload_decoder_lock.json,1551,c7d22f2a669aba3b744f7ede38a5dfedda2a06483456ddbe4aaf6c17229e77fe
experiments/params/v5_recent_workload_decoder_preregister.json,3529,670ab2042407e40fd8233019e3f5b867521b65bd3ded92bda2597d646f6640d8
experiments/params/v5_recent_workload_decoder_recovery.json,806,54fa7018d09cbf9d1da2c46749f338c1b918b842158618924138947c0ad5fa74
experiments/params/v5_recent_workload_exact_c_preregister.json,2709,6c75f1ecc0d9724a9022d9f4707328e231298d774365775eaa6d9bdb0884cc58
experiments/params/v5_row_id_source_audit_preregister.json,2861,0b1c290ebb2e6e31ae7903b9212e6d01bd0b02414253c4ee45063302d77317ef
experiments/params/v5_row_local_pitchmix_selector_preregister.json,4614,98735d822be5577dbace74dbd032b4a0e3e534b85334884468bed14a393bfe09
experiments/params/v5_selective_fine_pitch_abstention_preregister.json,2958,6a0ccc7b8845faa23bde776664e9034e92de7f57f321358ab57513271b719b9e
experiments/params/v5_semantic_row_c_preregister.json,2908,216c33be7e346770a787f2b9ac839c13e7a57e2f7400a3278df18ebcc8553b1c
experiments/params/v5_success_focused_outcome_preregister.json,3506,16983a8cde9f5c20365a47f3a3e15b61380c0ee873e242c66ba1a83d120d6027
experiments/params/v5_success_focused_outcome_w25.json,212,da800bd51c0d0739486ba2d01f5f4267c2f6b0c45a0e41214c5416db79419e83
experiments/params/v5_success_focused_outcome_w50.json,209,bbbb01092895f5aa89a3dc7530da753a6f08e90b2532dc0864d12bffd6f2974b
experiments/params/v5_success_focused_outcome_w75.json,212,445e22b834ab88a846d6bda645210abfb847d91673af74f6b6ee366b0131eb34
experiments/params/v5_tabiclv2.json,503,8070ecb3344577419e04cd6c444f56968a11174097aed8d245842e78bc05b9b5
experiments/params/v5_tabiclv2_transfer_preregister.json,4381,71742eff7bea6fa17faf660d6c6612f6283156fa464a1100594d5b6f8bec4eb4
experiments/params/v5_tabm_conditional_trackman_preregister.json,3642,78822cdab5c445dee3ed9df1dd4c62522519c78c25a2c04008dc122d1d3a3a11
experiments/params/v5_tabm_pitch_gated.json,342,303df392bdfc424f65d24fe194aedcb0488a39b590b1ceac41f203bdf1e5822e
experiments/params/v5_tabm_pitch_gated_preregister.json,2610,b7806dbd46aa346c2e93b9859ad9e4f39d31de69f1233c52ea593c0c79243f1f
experiments/params/v5_tabm_pitch_gated_source2020_lock.json,1702,a3ca5545b86cfb5396d26b0ea493d1e3cdd092f3675dab7c792e7d1cf7a6deb6
experiments/params/v5_temporal_leaf_ridge_preregister.json,2078,69fffc742b61eb04a0b4b10ae6b844960a0cc22d29c4fdc88d6ed84f9010ca87
experiments/params/v5_temporal_multitask_head_preregister.json,2193,9ab4c1f3ba929e3f572a61763b47b82956111728ca7b97af725e41b40757dea9
experiments/params/v5_temporal_prototype_development_lock.json,1822,a9ea29e27af91ae8e4417bda907bf8822cd46df358679eaa61691ddd2baa7430
experiments/params/v5_temporal_prototype_retrieval_preregister.json,4751,24f9c5021f58628eaab6a7f765ea9149a05a90d58adb3faf5f56377d9ac5a054
experiments/params/v5_temporal_stable_joint_preregister.json,3641,71435c93a8ba15af43f747f3009bcc671dbac2e7decc43acc0c3de803f3a2e04
experiments/params/v5_temporal_state_offset_gate_preregister.json,5540,eba282f4c5bc88fd13bea902439e9929405de88d50e464fc623df9d5b44b8087
experiments/params/v5_three_axis_source_lock.json,4287,215aafda424d3f81d4715988132a045cbb9e917d0f6ca1b78ea57cc0570251e9
experiments/params/v5_trackman_archetype_c_preregister.json,3837,7070346e11663ddad1aaf88593e089f8c12943d10bee6fdea9541391983d8bcd
experiments/params/v5_trackman_game_repeatability_preregister.json,2272,7ead29a82de7848257b5c5cd33e4781ca06a0151d62ee39e60f4b067d8b9e5b4
experiments/params/v5_trackman_id_structure_preregister.json,2575,64673ff79d26cd4fa6c83e3a76b35ea6468b6b7cae76686cbf431e9ec6fe6f34
experiments/params/v5_trackman_inning_physics_preregister.json,2509,bac755e1f213a532439cb6241c00fb9e16be7dba578aef2cc4db6ae544155a8f
experiments/params/v5_trackman_lupi_c_preregister.json,4508,bc085e33bea10e5c9dffbf1d917184f7b68e846bf7468a0f7111f3645a0531fc
experiments/params/v5_trackman_workload_c_preregister.json,5397,dfdc301e51d238512a60c27d4a853396f5146d5ade805c0f858da5ae2a7998a4
experiments/params/v5_two_season_residual_consensus_preregister.json,3538,11f8009f2d72edd1cfc7a0431bafe2e0af3864a6637a06a24ef95e70211d8cc8
experiments/params/v5_validation_contract_v2.json,4124,cb36559110ace4bd8e01a17b87f343b438aad051b273db55cfb612e9eb943dfe
experiments/params/v5_validation_contract_v3_regime_aware.json,3162,b9c0edaa545876cdb9438c9faaead5f7ecfd7fef0c62d2ad4eb5bd17ab67246e
experiments/pipeline.py,26437,6e8ce611eceddaca06836771ca29e42759b2013969d667248874925000190b83
experiments/pipeline_state.json,5067,00a34db1a74808fa06719092b0293296b84156fe513a706348334c719407e649
experiments/preflight.py,7060,288e9fe9e667e9e7681a3e3b9b28f67a0b13fb7cbc141718f54434d0611bffc5
experiments/probe_grouping_ceilings.py,7284,adb9c70c516d35cbc14aee813f4c8526e45f61957259eb4ee30e397ad24f6853
experiments/results/archive/E10_v1/e10_rolling.csv,383,40225a9cd89cf602f5a3257b6e7a517ab6f14b16526e09a72f75509eec6fcfb4
experiments/results/archive/E10_v1/e10_rolling.json,17974,2e7edb3dd1ff58965925b7544ab218394e59ead610e5dba588616daaec60954d
experiments/results/archive/E10_v1/run_e10_rolling.py,7845,c680286838e552e4d40482e657ad0334d9146f935dbe6ab5ab7d8668ac5f53ee
experiments/results/archive/E11_v1/e11_rolling.csv,495,4b36558f230f88344845eb6a000cd1b3b85b2db9b20dcdacf224ff68dce0812e
experiments/results/archive/E11_v1/e11_rolling.json,9579,531921390b5c91e9c71832d5902c97c7e0378c30cb7ad1d540183a5ffe35576f
experiments/results/archive/E11_v1/run_e11_rolling.py,11217,3d873ed217bc3336925f08c62a5773014ce5882cb692bb431db469f1a553f29d
experiments/results/archive/E14_v1/e14_rolling.csv,804,154e3020758f0dc31b3e4f4707c2011125d446bf87296c29a94951a09fdd54cc
experiments/results/archive/E14_v1/e14_rolling.json,22461,846516a612f9698ecf88be2ed54fbd0c548a3b819661c3410a499a13dd7c0677
experiments/results/archive/E14_v1/run_e14_rolling.py,20948,2c49f397ee297db0394fefa65b63ba23a635b56925f77225a932ed14f519b3eb
experiments/results/archive/E15_r_recent3_v1/e14_rolling.csv,803,80420c4d28591150ce3a7b42f6595a85dd9abe670a474948a889b3d1f53f6f29
experiments/results/archive/E15_r_recent3_v1/e14_rolling.json,22548,c25e70bdf97d77427799be93f85b4ca7149852b606ab77588a4ea6ba73772de4
experiments/results/archive/E15_r_recent3_v1/e15_pseudo_forward.csv,1874,b1b7e8d00f534e5dfecf9dedde803093fd44a9a4c3cff4e0cfdb0913445370b7
experiments/results/archive/E15_r_recent3_v1/e15_pseudo_forward.json,12073,8e0a6e4b9dbb57f4eccb274f2171e7f27629d1bb8ee2d8961d1739f68701c8c7
experiments/results/archive/E15_r_recent3_v1/e15_pseudo_forward_downstream.csv,1550,d289e9ffb9b6c9ab558c3f0a23d66c656312484631121dbdbe7e7cff7b6b17ad
experiments/results/archive/E15_r_recent3_v1/run_e14_rolling.py,21544,918a0ebc7d8f7702db006be6f8e48c89cf218a4dec0f3cc101baa0837329e26a
experiments/results/archive/E15_r_recent3_v1/run_e15_pseudo_forward.py,7653,c8a4c4170575625d3dbbaacf9b245a5be4b579e4d0dd8e2319c22ca6f6c7de99
experiments/results/archive/E16_v1/e16_rolling.csv,425,c5bf5c0f508e1388caae67e3d68cd71b1b1ed606e06df04bb43ae1c4c4437b20
experiments/results/archive/E16_v1/e16_rolling.json,17136,a7c214315e00d73b59e3ec602e7860613b0d38161a72f2a7fc0a3170c7ea512f
experiments/results/archive/E16_v1/run_e16_rolling.py,16055,c70cb362082855b31a08b8185f12d6bb88659f20406c51922032e61aafcd83ce
experiments/results/archive/E20R_v1/e20r_rolling.csv,384,e933c317e54ed5e2ddce112e79c4c02d3119da9e43f1c56fcb404b78ded9880d
experiments/results/archive/E20R_v1/e20r_rolling.json,10432,51862feebca25bc3810f5c3fca7f30eb00f02487ac1487bca871d7168f22964f
experiments/results/archive/E20R_v1/run_e20r_rolling.py,13538,85615923785319dac6e0d28f0165defa27af19c2b109b8ae9d7bbe980125dff3
experiments/results/archive/E22R_mixture_v1/e22r_mixture_rolling.csv,414,71619ef21ea58fdc83a9abf68d29ad7e4cf6570126d03d32a122756074b23add
experiments/results/archive/E22R_mixture_v1/e22r_mixture_rolling.json,14368,8b4895d3f3c7cb7ecb286b03e3ed7e915ff014ce3f34f454ea8a4926164a8c14
experiments/results/archive/E22R_mixture_v1/run_e22r_mixture_rolling.py,10138,8602b41c49b498226ab99732bfe189763f5fc7ce979948d03456f0d67cfa10ea
experiments/results/archive/E22R_probs_v1/e22r_probs_rolling.csv,390,94410a2c91d7c6cd30c7574f8073e8f3c9f270a3d738161a32ca9bb0f6f92ea8
experiments/results/archive/E22R_probs_v1/e22r_probs_rolling.json,15558,3c3d45c9452044dd89959d1702e6a66d9e209bdf9339cb882f3992943b3776ee
experiments/results/archive/E22R_probs_v1/run_e22r_probs_rolling.py,14840,28d3863bcf5b8042cb3573cb36430dda71e2cce7433dc9335f7110a3b1eecdf1
experiments/results/archive/FINAL_ENSEMBLE_M3_v1/final_ensemble_rolling.csv,1405,80d4d33dcf9be928746353ada33fbe67b4495f571922d679e4e4904979269390
experiments/results/archive/FINAL_ENSEMBLE_M3_v1/final_ensemble_rolling.json,25813,fbf21159161490056da0cadc9c467b520a3de20aa9923c95a8820c766f52497c
experiments/results/archive/FINAL_ENSEMBLE_M3_v1/run_final_ensemble_rolling.py,11362,532068cf34fd505c0b4563b1325c33002a785c1cf7d9004703e5060bc75142dc
experiments/results/archive/invalid_cpu_v5_trackman_game_repeatability_20260822_2328/v5_trackman_game_repeatability_source.csv,336,f7cb8d42a5c6a5be8fc9194228a18e3dd8f7b22d28d128905b9fed456655181d
experiments/results/archive/invalid_cpu_v5_trackman_game_repeatability_20260822_2328/v5_trackman_game_repeatability_source.json,78141,8b6672dc98a459fd6007aed5ae93b40e597edd30c713043dd9c75b43560a7ca6
experiments/results/baseline_valid_2022.csv,1452,95e8bf0fd6dfa12d0602219155a2f8c40e44d4adfe371b2cdb33a8e18a7a0b1d
experiments/results/baseline_valid_2022.json,26414,cc4b83f13a144bc72e4db4ad39f8853dd17cf9e3d384edbeaf3ec8cd89c3f28b
experiments/results/baseline_valid_2023.csv,1408,512017366a0989c26addea32f0056dd137afd1d2191fc23206336c52faca6a0d
experiments/results/baseline_valid_2023.json,26292,ccba0ad3fa4517e082f94a54cb112a11b7dd1277ed7621efccec3e2e8ab90ed2
experiments/results/baseline_valid_2024.csv,1430,1fedacc7464467ea1ee09c3d565422c1160a4847cdc98d5c6f192d965a52dec2
experiments/results/baseline_valid_2024.json,25780,e916feab513d67540f8d2023e9b2eea27d726b354c834ec44dafa0d06bbf9875
experiments/results/calibration_ensemble_aggregate.csv,12511,a90b7ae1e4a18f416a539013a552e7cdffde7bec11aec0c75c49e93e48c6f753
experiments/results/calibration_ensemble_rolling.csv,32932,ffd359e828c4a15ec25c9931582687fd0aac537bf52db7550c33ad01c1afc0bf
experiments/results/calibration_ensemble_valid_2022.csv,11322,fc02e52e8642db061063b01c3c176a243a0086665634b919048fec6e885da395
experiments/results/calibration_ensemble_valid_2022.json,188402,d9aa7a552e37b3cec10c3f142a13aa5dc69c7027194d9c378a18ff6f67e2adcd
experiments/results/calibration_ensemble_valid_2023.csv,10938,48a44701394b142b6332137c546e26adaef594ca4651f7aa955fc7a1d15f45b5
experiments/results/calibration_ensemble_valid_2023.json,187906,7101877614cf838174e804fcd1b789853bac15446cd9d0d5c3e11155ffa8db3d
experiments/results/calibration_ensemble_valid_2024.csv,11044,37194199d9b2150c84dd09414c4ed0f5e44f44e46660aa5fe558a7198e9308ca
experiments/results/calibration_ensemble_valid_2024.json,177463,500ade7443c9d656d20e49fa5bb6c7273321d6210563ac3e78508b7b52cec227
experiments/results/e10_rolling.csv,383,40225a9cd89cf602f5a3257b6e7a517ab6f14b16526e09a72f75509eec6fcfb4
experiments/results/e10_rolling.json,17974,2e7edb3dd1ff58965925b7544ab218394e59ead610e5dba588616daaec60954d
experiments/results/e11_rolling.csv,495,4b36558f230f88344845eb6a000cd1b3b85b2db9b20dcdacf224ff68dce0812e
experiments/results/e11_rolling.json,9579,531921390b5c91e9c71832d5902c97c7e0378c30cb7ad1d540183a5ffe35576f
experiments/results/e14_rolling.csv,803,80420c4d28591150ce3a7b42f6595a85dd9abe670a474948a889b3d1f53f6f29
experiments/results/e14_rolling.json,22548,c25e70bdf97d77427799be93f85b4ca7149852b606ab77588a4ea6ba73772de4
experiments/results/e15_pseudo_forward.csv,1874,b1b7e8d00f534e5dfecf9dedde803093fd44a9a4c3cff4e0cfdb0913445370b7
experiments/results/e15_pseudo_forward.json,12073,8e0a6e4b9dbb57f4eccb274f2171e7f27629d1bb8ee2d8961d1739f68701c8c7
experiments/results/e15_pseudo_forward_downstream.csv,1550,d289e9ffb9b6c9ab558c3f0a23d66c656312484631121dbdbe7e7cff7b6b17ad
experiments/results/e16_rolling.csv,425,c5bf5c0f508e1388caae67e3d68cd71b1b1ed606e06df04bb43ae1c4c4437b20
experiments/results/e16_rolling.json,17136,a7c214315e00d73b59e3ec602e7860613b0d38161a72f2a7fc0a3170c7ea512f
experiments/results/e20r_rolling.csv,384,e933c317e54ed5e2ddce112e79c4c02d3119da9e43f1c56fcb404b78ded9880d
experiments/results/e20r_rolling.json,10426,107ffedda342fba5755870ee9d66c6300a21848fa43aa491dcacf915611c5e41
experiments/results/e22r_mixture_rolling.csv,414,71619ef21ea58fdc83a9abf68d29ad7e4cf6570126d03d32a122756074b23add
experiments/results/e22r_mixture_rolling.json,14368,8b4895d3f3c7cb7ecb286b03e3ed7e915ff014ce3f34f454ea8a4926164a8c14
experiments/results/e22r_probs_rolling.csv,390,94410a2c91d7c6cd30c7574f8073e8f3c9f270a3d738161a32ca9bb0f6f92ea8
experiments/results/e22r_probs_rolling.json,15558,3c3d45c9452044dd89959d1702e6a66d9e209bdf9339cb882f3992943b3776ee
experiments/results/final_ensemble_rolling.csv,1405,80d4d33dcf9be928746353ada33fbe67b4495f571922d679e4e4904979269390
experiments/results/final_ensemble_rolling.json,25813,fbf21159161490056da0cadc9c467b520a3de20aa9923c95a8820c766f52497c
experiments/results/preflight.json,385,11e1de8e343fda7b1af8c232240a5532021f7561816bdde4cd5f784bbb61266b
experiments/results/probe_grouping_ceilings.json,2387,b3d20f774c5d4977d8e649e967e05db5eeefdae559e8713ca1deb9b7ee89c456
experiments/results/rolling_summary.csv,2657,ebca112995c16dea9ef6af5aa757dcf69734887fdffab2ef9099fe39012fa506
experiments/results/v2_base.csv,1097,524381755835d901eafc47cb1451e8d8e2bc44ebc767fd6a16daa10557cad6c0
experiments/results/v2_base.json,22328,83f12efda13e25aef97dd7002eb8d5c01282d72d5f13060519bdcf8c0a302a35
experiments/results/v2_catboost.csv,495,5aac96846727e3627e1350a1ba2663b5d90dfe9708f383916f882c5c4b83ce00
experiments/results/v2_catboost.json,13452,c62cdf7e0e22064b5d1614d6632c3e8caf7e5d02e4f8243e6bac7910ace34374
experiments/results/v2_catboost_platoon.csv,515,d3cfd8534e366f8105a6b2a64f661a4f40ffed1d14a2d91345b21b6b7087c748
experiments/results/v2_catboost_platoon.json,14389,a525281cc6249ad2a47d13d03bc0b7d73dc8504af0071cacb39333d90fb92b79
experiments/results/v2_ensemble.json,4166,cb99ba4c225efc0d05008ec3a8a76acd8ba42b3390eef94302224887024fa034
experiments/results/v2_hgb_cfg00.csv,486,ed6c01ca407b6d2360f31996e33849ec1a4b18af41ee403d73c772bc8a6257c3
experiments/results/v2_hgb_cfg00.json,13678,83ffbddee45b6be76409a7bb14e4c3ce17879dea0da212b91d6661d4db886f09
experiments/results/v2_hgb_cfg01.csv,484,29e4b89fcbe85cded3c41e8bac6df1851c7448b03c9ed420d85cf3e853fd07fc
experiments/results/v2_hgb_cfg01.json,13678,44f6c51981d6f31cf343639dc2b744bc3817569bfa2e7298ce05f888fed3a0a0
experiments/results/v2_hgb_cfg02.csv,484,672e5624fb5514645daab52da03fea3958bf6a097cfa13e7c08c32812b2c24ae
experiments/results/v2_hgb_cfg02.json,13678,af0d57e4fae0880721712443debfeb7416d07b26c3fb49b8d9ad558e45d61732
experiments/results/v2_hgb_cfg03.csv,482,ecfbc5fdd4c4921c8bf13018a2811e07e6d3b54c1772f23d3c7b027b96a9da13
experiments/results/v2_hgb_cfg03.json,13684,ad9f3c6bd3e4bb720853f0c5c7954b2a082613631422c670a542252513c09ee5
experiments/results/v2_hgb_pitcher_te.csv,501,7eecd2e68c65bf605102e9720a9afa0ab06634793b17b674964b335586a15eeb
experiments/results/v2_hgb_pitcher_te.json,13479,088a00504385cccf0dcdf5253583c33a2b2a2a6e307dcdcecb4fad4fa3e4daa3
experiments/results/v2_hgb_pitcher_te_platoon.csv,534,78f24af46172fa9f9ad11f88e65e40e2b68a8efda7fbe899807ef0c4f03758e5
experiments/results/v2_hgb_pitcher_te_platoon.json,14478,48b3e140f6d72e6ab82af681110b8092cdd17511f2c463ad837358b777b784c2
experiments/results/v2_hgb_search.json,4565,284ece3f6b8157384399419d25f29a5ed55436307e8825fab9d47110c2df501e
experiments/results/v2_hgb_tuned.csv,486,315089c9ae445a38089a97372cde2d823038d8a08d74fea17f8bb785c77611c6
experiments/results/v2_hgb_tuned.json,13673,0af730d0c7e386caa0aade7a24cc249809a139f781924e3d1be2d45e0f26b345
experiments/results/v2_lgbm_base.csv,469,d9e1968d098dec24f83372392d296c32558f26a264ff8cadd3572229b5fe0928
experiments/results/v2_lgbm_base.json,13345,98fd3f456d724c203d706b4b7154ce3e030e0b41dab5e5e1c2bbd5e12618863a
experiments/results/v2_lgbm_cfg00.csv,475,1bc4d3214b7b7b24e3c9b2ea28ae8656567da3aea57fb066c580a1c44aec7a1a
experiments/results/v2_lgbm_cfg00.json,13621,e4632a3343923ca9832b2283b85fab5116a5f451050138b097831092b29a0418
experiments/results/v2_lgbm_cfg01.csv,472,a85ce2b2fd7d31d57b51bb51f029bc315e9b62a090a93c89d96d7e82bda87516
experiments/results/v2_lgbm_cfg01.json,13616,b0eed30af1511fb23755d70ececaeab468f6148a8a08d55e726b12e1c64fd47c
experiments/results/v2_lgbm_cfg02.csv,479,7dc0bcd7ed26d64d76250c1ccd37abc7eba352b2a38362d63423f12ee7afd18d
experiments/results/v2_lgbm_cfg02.json,13631,20d055ae5fddce2ac6230aeafcbb1264247e431eec076ae4863989af5af7e5ef
experiments/results/v2_lgbm_cfg03.csv,471,a2acb5951dfdde3c251d9675a868ae280710236f8a268ffcf386dd92e0929939
experiments/results/v2_lgbm_cfg03.json,13617,57f30c36b8ed13a325ebc6003a4e218d3fd4432bbe64c1663ee7746caf480a77
experiments/results/v2_lgbm_cfg04.csv,479,46d37bf28535861d1a0f33088e189ddb5765cc146736072fa3bafff8702764c1
experiments/results/v2_lgbm_cfg04.json,13627,89aeb30405b4a9b55e99b4a59f6e82f4ff6afcc4b7778164cd511f06153b305c
experiments/results/v2_lgbm_cfg05.csv,476,37195f403aeebaa03cad77913bcd526cd018cb35583970d3cf8014e1d6bceee8
experiments/results/v2_lgbm_cfg05.json,13621,7f7260e5a46b808321dc33763ab566479a5d4181f419d12ab3d7ed7763ebb164
experiments/results/v2_lgbm_cfg06.csv,475,fe3c04e70ceddca50f68a2e26c2cb1e21fa97bbe1a626ee1b812a5fce1fb7bd9
experiments/results/v2_lgbm_cfg06.json,13622,e3c6abdd7b9d7d2bd3d9396630cdab8496f58abd9c8f25085a69c70ce4c28367
experiments/results/v2_lgbm_cfg07.csv,477,787a23e0bd4ec70b3d1a9093a35c1750d018129c2e4caf7058b54b3f361d1971
experiments/results/v2_lgbm_cfg07.json,13626,410263b6107dab4ffe7e769e48701986e78cf675088a86c3450d031f9ee97767
experiments/results/v2_lgbm_cfg08.csv,477,d54cc0ca798c0d3e7de47f28dd1d923342bb864e406418b9dbd864b5d5e02b45
experiments/results/v2_lgbm_cfg08.json,13627,b13b97d8fa2b18fe204a9cec850522343797fa92933645d5f023c9e7d6f86bbb
experiments/results/v2_lgbm_cfg09.csv,478,3375a2be70c3bf3550041d3156069b54be657f6e86087010f3d8e3f6c32c8cba
experiments/results/v2_lgbm_cfg09.json,13632,bac64a73c5d9dfed25f731a8dde0c6c37fe689636395efde639b01766fcb6837
experiments/results/v2_lgbm_cfg10.csv,478,76838a8ae795c8d7aa2b9a2912a702c197fa998b88fb67664ea34a9fd99c877c
experiments/results/v2_lgbm_cfg10.json,13633,0b7e9494f27c2618a29e770c6a5380103fa0e67c66859f690016268788265794
experiments/results/v2_lgbm_cfg11.csv,489,6dfcc4c4770787c523f29cbfd33dcae22fa2d005fef8499502f28e4fe37b04a1
experiments/results/v2_lgbm_cfg11.json,13692,bec81aa9d7b39ecb6f4a3fffdcc4803455d243209c7b21da1b9f411aed2ea377
experiments/results/v2_lgbm_platoon.csv,504,858f02608a2593ef30e58a5a4cb308bcaf8e02be7c6c17ec029deb1ebd0e27e5
experiments/results/v2_lgbm_platoon.json,14630,a90b7ba5b013ab5ac9c01894ed398cecd08a75f84a66aa0fe0f6a9eb9c36ec3a
experiments/results/v2_lgbm_search.json,10155,24ea744ce2ffed908989cf228ec138ca6ce48e87c3363142724e1e135aa605fc
experiments/results/v2_lgbm_tuned.csv,492,2a86da6d50551139d2169d2d04d59775124253ae117a35041c3c77cd9ac85f74
experiments/results/v2_lgbm_tuned.json,13686,a10bd08115c8df488ffef4a73e6a79fbceeadcc45929a736c615ee47027e0c98
experiments/results/v2_linear_b4.csv,513,b5bd2fa58ca75744c8f55a6c1ce3f624d919ed22a499627264b7f0aeed09a8f0
experiments/results/v2_linear_b4.json,13754,da32f4d63fe6ab77455ecc1a067b26337d71f0ddbdf9ed3274a8362358aeafa2
experiments/results/v2_linear_cfg00.csv,522,e6f9a48506df16f5472df747f2f1ac7a63340a6ac62357085227575f58d273cd
experiments/results/v2_linear_cfg00.json,13612,efe07ac912145534e47d2ae72350d5a5f3d5e0c8ae1db92467bebb827201b17d
experiments/results/v2_linear_cfg01.csv,523,a0a6a89fe926924dda4821b5baf5a42570a4ee1268f18d6354b42069a6af82b9
experiments/results/v2_linear_cfg01.json,13621,8dba74c5b39a2851947eb40abb04cbd8026c0adbc4325a1b4d5ce3ce6f33488c
experiments/results/v2_linear_cfg02.csv,504,9b7f2fd3a0bac902eef8b5167f0bef5bed1c43c3f6f496ebfa7c756dd74b9274
experiments/results/v2_linear_cfg02.json,13604,e8205ecd83ae0f2c1cb45d0e60e3bf0f23b66fdc5d5133df52b7d3d49c81b7e4
experiments/results/v2_linear_cfg03.csv,502,e0d9dcf369b40ccb8fcd446d2f3dba0eb52e0f9af88fce6cdf3d02b3125f06a2
experiments/results/v2_linear_cfg03.json,13602,72824c49537dbe5645666c142cdba682014be0d88953f024f66ae8c1439ac56b
experiments/results/v2_linear_search.json,4499,96a22198b0bb2859ee17a4e4f567c488bbabe6640b45658663298abbfff43999
experiments/results/v2_linear_tuned.csv,523,652f18e8a01d9c825aad865c3b7e4befceec44eef6d47ebf6678f12254b381a0
experiments/results/v2_linear_tuned.json,13612,b91ee5e8b27344f85388343e29ceca89961bcf0d61a68d69a10543f95fd6379d
experiments/results/v3_cat_handcells_e22cat.csv,250,6feaa4ca84c75fe6c8916b5c0790a4a85e9b9ae1393b1509d0abc30302361033
experiments/results/v3_cat_handcells_e22cat.json,19498,a116fbb4167464c4b0e74b5a504450995792f100b737dc3c20165a4915c95714
experiments/results/v3_cat_handcells_team_matchup.csv,255,b28681972a75fe11ed6324ad9a46fd7f315026216f50bb619a257974be415cad
experiments/results/v3_cat_handcells_team_matchup.json,16688,f15120b7ae7342f2686c82230eb5d84fec1268c39fd62237d27266d447189f9e
experiments/results/v3_cat_handcells_type_count.csv,256,b48119ae6450a498cbfa95cba52d68fef6597ac3d6b98ef788cafb9872155a8f
experiments/results/v3_cat_handcells_type_count.json,16700,4cdfa53414992a4cc2c97bd09fdce08586a4289eced9a30ef7d0c997142118b0
experiments/results/v3_cat_kp200_kpl100.csv,247,9927e81898d21846b87ffb3b0a3e0d535124822ddbc580a1e7633b55775a914c
experiments/results/v3_cat_kp200_kpl100.json,6985,0077d54c5fa1ec42130b81b8957fdbca82c00f6601ef949673b0d63b29b9c7f9
experiments/results/v3_cat_kp200_kpl25.csv,248,af5f9561cdb5b898ab792b2a879ef727666238f127c9379e37e6939e6ec8662e
experiments/results/v3_cat_kp200_kpl25.json,6986,efb327d717a4a97e5f4603a1eb8e1469c882729583eebe3fbb42ecf1147e3582
experiments/results/v3_cat_kp200_kpl50.csv,246,7fff19cfe6f7a53a304eb608418869dff583e3b0c18dcb240227f15285f11fbb
experiments/results/v3_cat_kp200_kpl50.json,6987,c259d1f70fc468a24c20d7f798d2980f8f05d2e54a5f3dbaf7519e3ad9434b15
experiments/results/v3_cat_kp200_kpl500.csv,246,14cd43a0eb1b96535ae715011b781265314b5961a694efd0b9fb201e183940dc
experiments/results/v3_cat_kp200_kpl500.json,6980,470af33aed56c71852fd6e87df0e76aeb98651a79de419c6dd47f6a0340ef3a1
experiments/results/v3_cat_kp50_kpl50.csv,245,8d9eb945d378d5adb5c0b26d859856c2352317a7442f754eec96e9b7854fb1bd
experiments/results/v3_cat_kp50_kpl50.json,6980,4155ffbb78b7031432c8790f7ec4fc31ade6641ca39b4a95702ba73638cb1888
experiments/results/v3_cat_kp50_kpl50_centered100.csv,256,0bfe02349fc653378f05274e8d233eba13f9d497b902174d0e18539c18d004a5
experiments/results/v3_cat_kp50_kpl50_centered100.json,7679,8c6cbb62e78970451bba8d849b8067f4d6ab8bbcc385cd0117980ad22fd5f170
experiments/results/v3_cat_kp50_kpl50_components120.csv,258,f089af3dccfdedeaf228c74cef23a771c29542682895f9e655306dde97acadbc
experiments/results/v3_cat_kp50_kpl50_components120.json,9380,1177f30bf739b824d31fab037a86c6167ba95cf4f2bde03a4e361c0b2aabe89e
experiments/results/v3_cat_kp50_kpl50_e14multi.csv,254,e3aba0448f5e946faca7361e4eac24a378488e1e357e25088f64300182a829f5
experiments/results/v3_cat_kp50_kpl50_e14multi.json,7636,25af72886a39584644b9809aec4fde47934901cb9e8df533a4e1d4e64edcb149
experiments/results/v3_cat_kp50_kpl50_e22.csv,250,93d654c5080a6ced8cb45c24258f8e81560d42fd0da4c10c2e110ac5e3575291
experiments/results/v3_cat_kp50_kpl50_e22.json,9478,9c6ae1ae4834693d840959cd941b5f1410fd518b6a5d56b4d45e56228ff5ce32
experiments/results/v3_cat_kp50_kpl50_F2023only.csv,237,b3a925ff667e4969af3b490fac0dceb903e86ae0747eb46102cd72a9fcac9377
experiments/results/v3_cat_kp50_kpl50_F2023only.json,7256,27074f70a37c092db032cb03929768e4d42feed5046b5cb80633a8f03a66d13d
experiments/results/v3_cat_kp50_kpl50_Fonly.csv,232,b92a74168f2c55395519e46330a5de7f6229e593ad7c56c176dd417275b02028
experiments/results/v3_cat_kp50_kpl50_Fonly.json,7290,a6209426a95a0dc9aa23160af05c422007a74de0f3e0a8faf2d900fea5733aa2
experiments/results/v3_cat_kp50_kpl50_fpost23.csv,252,39b203a7b6e5ecd65c7920c45f6f8d487eac3baa3956456a0fc2fb737d02cac3
experiments/results/v3_cat_kp50_kpl50_fpost23.json,6982,7b85fc46cf594c3a7f1a3bc1ebea62581f89be128a92f81a6b8fecd88628db40
experiments/results/v3_cat_kp50_kpl50_rolling.csv,394,498811d8201c077799b17a40cd71f048badb68178d3cfea3a70024f55c604ed8
experiments/results/v3_cat_kp50_kpl50_rolling.json,11377,f32bee929cbcea7657808f0d183a70b2a6c679245375491cb7c8ea95a99c198e
experiments/results/v3_cat_kp50_kpl50_Ronly.csv,249,f2e68b1ab97efee9efc594e357e20693a9536725797cb3789c3b841b3ca4f6d0
experiments/results/v3_cat_kp50_kpl50_Ronly.json,7348,2f4a9fec3a7129119b160ea34a0f28d93b82c424545843ed587ac945efaa9989
experiments/results/v3_cat_kp50_kpl50_trackman.csv,252,f4aecb501becbb3f6f3bd45d57012753e838f3ca9d9b4ec05756cd0a98d509aa
experiments/results/v3_cat_kp50_kpl50_trackman.json,7801,0742e44452aa7d7b09007d248589f763ff698ccc318558d94c905631f122f25e
experiments/results/v3_cat_outcome_handcells.csv,262,08e8eb0a1e160da9e56dc61630532356a4db4445f880124351e2f28000edc253
experiments/results/v3_cat_outcome_handcells.json,8573,f96da7e5f35e9c0a99fbd4ed5d2f2aeb4aa1437f4127a87ffd76d5f2cf959099
experiments/results/v3_cat_outcome_handcells_rolling.csv,419,e3fd83f229c007d9eca8513dedc49a8cba7f88dd45b5ef9a33e6e1be33481522
experiments/results/v3_cat_outcome_handcells_rolling.json,14647,f39875e6cee46c1f92b9772fa9de5224529e6e85a723223a565f84f7f1d59c09
experiments/results/v3_cat_reg_decay09.csv,245,fa1f517b3f05e6e03480bc64793d4a85bc7706d5092eb980497045243b852bef
experiments/results/v3_cat_reg_decay09.json,7486,754e2fd906f949c4f1ab7e45c7078066ce5f849c9c0ec97728c34dfb73d7c7eb
experiments/results/v3_cat_reg_decay098.csv,245,b752069120788f22dd6a1e0b8f41f7784c88338d652bd89ca73d1eef187876ee
experiments/results/v3_cat_reg_decay098.json,7501,bb552bd2c29fe9f8d65d6492dee797412563f3bf8ae5df6dd29a5220a6626647
experiments/results/v3_cat_reg_drop_batter.csv,249,ade3014eb399cf89637229268ea50c084a56e869a187cee44cf5269ff8943566
experiments/results/v3_cat_reg_drop_batter.json,7588,e78d638ee9ed29bb6d2f4bf83018c7971f255b77215486f8e62acbe672a75d51
experiments/results/v3_cat_reg_drop_batterid.csv,255,11d02dbe34740980eca74f6d0396b3abdd5eb62ca09048aee6276e7d8d1427b5
experiments/results/v3_cat_reg_drop_batterid.json,7540,61d3b88fc3ae9701b90abf828fd1c976a0a8f89102323838d45d11f9358ce640
experiments/results/v3_cat_reg_drop_batterid_collinear.csv,257,ec4945c2d61311b90216e58882cd801054fc83731f1bf828b1de6dd23cb4b6bf
experiments/results/v3_cat_reg_drop_batterid_collinear.json,7637,5958fea1cff9f9e3bae1150bbabfdef1df9f8d94090a2bde069545852763fd69
experiments/results/v3_cat_reg_drop_batterid_season.csv,254,5c0107203c83d0c3b760a12b3274ee857b58b13bd01965abe2f12d3aa37c3a42
experiments/results/v3_cat_reg_drop_batterid_season.json,7526,9c020cad6180f0d40125ca595957ad726389d4d25292dbcc4134dcd5d98984f4
experiments/results/v3_cat_reg_drop_batterid_teams.csv,258,97ee20e9c5d2dc472fa0a5ab86dfe055161bda82af625a4ce583ba15b8e38c43
experiments/results/v3_cat_reg_drop_batterid_teams.json,7563,7723ff1596a66d88433d31497509e4c2a06c679c25e132907aa4740fc867065d
experiments/results/v3_cat_reg_drop_pitcherid.csv,253,e90d40f3fdfdc1c6d022de348054c3774eaef61c3bd27837aa0181f05683166c
experiments/results/v3_cat_reg_drop_pitcherid.json,7522,519a0819da9469a1a10eb4ec4157fb52a50d0166baaa7c17970810ecc7549907
experiments/results/v3_cat_reg_drop_pitcherid_centered.csv,260,6e42d1200c73586cfc094def5523f61127ffd0b1733e37fbfece75b35e228216
experiments/results/v3_cat_reg_drop_pitcherid_centered.json,7938,c35a72a45e6657cc6bdc8ae7704a977f1bdd129e682e422bea16afe63f82a424
experiments/results/v3_cat_reg_drop_pitcherid_e14k250.csv,260,d7d966bf0979fb5355047279d85dce3a9a5ca37611c1cf12e776bdbde70f440f
experiments/results/v3_cat_reg_drop_pitcherid_e14k250.json,14974,b7b54ab06a297f9bb3ef77814897bd08c74f4a77cfc2de37adb36125429dc0b1
experiments/results/v3_cat_reg_drop_pitcherid_e14k50.csv,261,48b73f7acf0e726fcb07f32004f017e7821b844f8f2f9d76aaade5606ce9d5e6
experiments/results/v3_cat_reg_drop_pitcherid_e14k50.json,15006,aa9982f43a473a1d81222d59cfdb155c3e46856c9cf0b5d6da24ade381d9ee4f
experiments/results/v3_cat_reg_drop_pitcherid_e14k500.csv,260,683c637efc6e3767c2b748cdb2cb829f5595868dc158f5998aafca75a0027052
experiments/results/v3_cat_reg_drop_pitcherid_e14k500.json,14987,50593180ef5a021524e3f1db6f9e6c274c352cdec8912e1d1d53b454e4d69e68
experiments/results/v3_cat_reg_drop_pitcherid_fregime.csv,261,a609a0751ce13310b7be08369110c63d74eb88ce480e4d4d829b7125fa9e61a6
experiments/results/v3_cat_reg_drop_pitcherid_fregime.json,15157,3624d6251ea92c496b3235ea377949e901fc478b42285617d0374deb9587dd2f
experiments/results/v3_cat_reg_drop_pitcherid_handmatch.csv,262,4661410af3138c06f87ddfc3995f97749785e1db7b1a57f3f44549c777091bd7
experiments/results/v3_cat_reg_drop_pitcherid_handmatch.json,15350,c1ca38b3cdf85450b6aa8cb6c687fd07aad0280919d71d08dc79a164a410ff21
experiments/results/v3_cat_reg_drop_pitcherid_handmatch_count.csv,270,fbde9e0198b2ffc1efb2d46dcb6d0812a45874daed87897faedfdc341e3892e5
experiments/results/v3_cat_reg_drop_pitcherid_handmatch_count.json,15689,123d8d5ed5d57b3ff0dd872e8076dac8a35c108a58443faa117d46ca7dd855d7
experiments/results/v3_cat_reg_drop_pitcherid_handmatch_e14_fastball_cells.csv,281,e6ed9feef2821daa83670d9e670c59c9cfc348748cc39c2719a6c571ed4fcbbd
experiments/results/v3_cat_reg_drop_pitcherid_handmatch_e14_fastball_cells.json,17032,decc61f366a57cb14a4c686b1783ecf3caa9c83e3e2e3cb16af2bd5b68063f8e
experiments/results/v3_cat_reg_drop_pitcherid_handmatch_e14_reverse_cells.csv,281,65e842c45d96d15950503ae2a40220de5c449cd307b1d50cedce8ccdb6b79028
experiments/results/v3_cat_reg_drop_pitcherid_handmatch_e14_reverse_cells.json,17028,c51a0c02567a5dcb899b9a1361019d1bada8b6e6b9551a590d24e5ededcf0a38
experiments/results/v3_cat_reg_drop_pitcherid_handmatch_e14cells.csv,272,fa6ace99c31d38387439952aa17392e8015940283d0f2e01ad6d1ff5f7504dbd
experiments/results/v3_cat_reg_drop_pitcherid_handmatch_e14cells.json,16224,033fb8a16afbbdf376a668292b97e5608f4071b55248d9e157257ac308e7bb7c
experiments/results/v3_cat_reg_drop_pitcherid_handmatch_e14cells_ratebin.csv,280,96a93e764bb622bb5c4b7e5b4dfb587305db4aa1a9c8552717c18f01902a1f9c
experiments/results/v3_cat_reg_drop_pitcherid_handmatch_e14cells_ratebin.json,16664,fd6e3dbb593b7b23f96f938e53cda9785466ae0f7bcbc1f3ce53d7af8a0b713b
experiments/results/v3_cat_reg_drop_pitcherid_handmatch_typemonth.csv,273,9a9e5253bddb16901e02d71d118746f6405ae41ff49e1fb64a92aa0832b0266e
experiments/results/v3_cat_reg_drop_pitcherid_handmatch_typemonth.json,15687,0c7b1fdc167e3f7c2f726928198769389dfaea2cd74343144ec114ab1d6709db
experiments/results/v3_cat_reg_drop_pitcherid_importance.csv,266,58e52dcbc72685f9378502a579c2471a9735f2fa8a9ffeca2e8eefdc7ac3ce9e
experiments/results/v3_cat_reg_drop_pitcherid_importance.json,14865,03e8ab1bfc0b134cf68b9bca39dd3d7cec351c9d5942a8eaa754cb8b28d708a0
experiments/results/v3_cat_reg_drop_pitcherid_kp100_kpl50.csv,265,9f18912343fbe8b5ca5356fbee638e65680a122502f6a99746f018c12954671a
experiments/results/v3_cat_reg_drop_pitcherid_kp100_kpl50.json,7546,40138d70f3d71c4d65303a510b577d7602b6c745331dbd5585a654506ee83d5e
experiments/results/v3_cat_reg_drop_pitcherid_kp25_kpl50.csv,266,b419144db6319bb9c238a05ea94103137ca24b627aa552f4d800167273aebfd1
experiments/results/v3_cat_reg_drop_pitcherid_kp25_kpl50.json,7548,08c7007440585a538d81b07ee799deefcd48deed85b51add7e764a89b2a419da
experiments/results/v3_cat_reg_drop_pitcherid_kp50_kpl100.csv,265,c72ba7f360d941a5d2a2d2806ab301caddcdad82cb124cab35f8c8db597d809d
experiments/results/v3_cat_reg_drop_pitcherid_kp50_kpl100.json,7543,662feb4fa8b6c93aa4b989554fd13b0e0d9b9c8f17f656a039640008741985fc
experiments/results/v3_cat_reg_drop_pitcherid_kp50_kpl25.csv,263,9367a6940401a1838d767aebb3733f6e2a3da149c971dedfebe096275a047125
experiments/results/v3_cat_reg_drop_pitcherid_kp50_kpl25.json,7541,bf6e1c384e753ce202573812231b41c08fcd8c59b84737178a3e43aebc5112b3
experiments/results/v3_cat_reg_drop_pitcherid_reverse.csv,260,f3338a748224ea65719d56404fe3d15aac9d17137e5e4e17d427dbfaa0050b97
experiments/results/v3_cat_reg_drop_pitcherid_reverse.json,17087,6936f0c983deaf1c62c5a7d06f01b25131cb1c5ed626490d59cef2d8bddef999
experiments/results/v3_cat_reg_drop_pitcherid_rolling.csv,410,b6b2c93bdcf1b73d816a9cab45d25edad7f70b38456f02f5b751045d702945d7
experiments/results/v3_cat_reg_drop_pitcherid_rolling.json,12549,3792278dea4f3834882f2a1e47b0f2a1735395e2d1879bf5ef01e655dcac196e
experiments/results/v3_cat_reg_drop_playerids.csv,252,7671f4fe32db4b6e9737e12c6ddadec3e29f5148b44f2caa2cd932f8ab25fd5a
experiments/results/v3_cat_reg_drop_playerids.json,7531,dc7dec31575da3f405ffe76551efd9bf42bb1760f8ae36a23f0203a359bf1d13
experiments/results/v3_cat_reg_pitcher_hand_cat.csv,256,19db75f6c4097ec1127fc8cc1d6e235210d0c0208d7469fb421be1e5276a64db
experiments/results/v3_cat_reg_pitcher_hand_cat.json,7556,6d8df6e4ab2ecf39986869c393b8eeb0591f076fbb9f38560bfa1dedecb60b39
experiments/results/v3_catboost_brier_allcount.csv,259,33d0f3e2a2a0375ed4b42d41d8b6619d6ebb2d1101b6531b301439a6bc2346dd
experiments/results/v3_catboost_brier_allcount.json,22718,5747cda7414b245cb2b7ff6eb10c2816c8725ce75984b2cb30f951ff5a52b975
experiments/results/v3_catboost_handcells_cfg00.csv,256,4d389b3bba343ac39b4b7960c7a97b16b1006195c8b13721422f3231a00c1220
experiments/results/v3_catboost_handcells_cfg00.json,16614,8de14a8b58e5633fd2059c083f1c458d69d1d6cc0b53b314cfd68bcd94e07a15
experiments/results/v3_catboost_handcells_cfg01.csv,251,1c9c40d014b04f94590516bcf0d665dfaf25777fa74c659c41366fad2820d4a4
experiments/results/v3_catboost_handcells_cfg01.json,16637,e3fee19cb029b1322bfebde43b6155f40c7a3a4ab514b0ec3e416c29d6376977
experiments/results/v3_catboost_handcells_cfg02.csv,256,ff01fa13d75fee335f30953cc437c87c8e83e182ddcb6ad0bb223fe9d92f907b
experiments/results/v3_catboost_handcells_cfg02.json,16605,5b37d3506cb4b6d12d201d5f763492dcf30e07a73e78e92b59a722214357cf31
experiments/results/v3_catboost_handcells_cfg03.csv,257,c7c612a15925c902295b65af939c02bf2e36f679a11cb4a3faa4cd309736f9b2
experiments/results/v3_catboost_handcells_cfg03.json,16594,f681218490362531e50deabf3dbefde74752f686929c54e2c3e9151a505e2ae8
experiments/results/v3_catboost_handcells_cfg04.csv,255,59082b18b0e6986917a7e769d424b09f1ff35484758e470b635b2f997791ae96
experiments/results/v3_catboost_handcells_cfg04.json,16658,df38579289773f42c4d7bc048aa8af4b67d938978a72edc2b074e8b099592880
experiments/results/v3_catboost_handcells_cfg05.csv,255,76fb829773c8647134ece81186df609d41b98e9388b647f09794e2c74aa534e2
experiments/results/v3_catboost_handcells_cfg05.json,16602,c4bb252d8baa53c5d1e37fce3f02d25625079d6e9c1691b4fedab598b5fcb8ad
experiments/results/v3_catboost_handcells_depth6_rolling.csv,416,f5556ac9606ffa9ff01cd8750706ec59a7db15342605538d411e591124373226
experiments/results/v3_catboost_handcells_depth6_rolling.json,29622,050085b95406d41833d88bb06ecdcb7b5d6869d5ba4d0476e4026e17ac7f16d8
experiments/results/v3_catboost_handcells_recipe.csv,257,f3eefa8f2de24079c7b6d3b8601566af5648214644412d45d26d5330907bd3d8
experiments/results/v3_catboost_handcells_recipe.json,16297,4c1ca1b0355d82d227c8b114dd80fb81b4ef616ecf3993a95e7908d8319e0ee5
experiments/results/v3_catboost_handcells_search.json,6310,92c10628e90722c49f6aaca5aa3d09cbbf9ac20cf8eba32da8e4f5f1d3dad267
experiments/results/v3_catboost_handcells_tuned.csv,254,7b3f3ec9927919d73a5d6b95c7f9fe76aaedf8bb5d2d6cd3158fb39b893bf6f8
experiments/results/v3_catboost_handcells_tuned.json,16518,e9f5ff56cc754bbefade6c2c64ae8bf4d51a0b4e49753bff0ca9ff37d9967be8
experiments/results/v3_catboost_multi_brier_allcount.csv,271,df21353a4c3fecfd953e6e2dc4519e8c6054d0374c5f58f8b0e0a645d59ac842
experiments/results/v3_catboost_multi_brier_allcount.json,22958,8058e3af090a8e7709fa75fc1acf90b4bbbfb1380300a4fd08966da7e844a613
experiments/results/v3_catboost_platoon_cfg00.csv,255,4d12fbeb6f0b43b6efcb7a6c81db51845059eb172414a330243dbd08bf50defd
experiments/results/v3_catboost_platoon_cfg00.json,7189,2d4fac3ace54e0c2771aacff151e9a5c10fd964e5d7f610fec7ce7000d721f4f
experiments/results/v3_catboost_platoon_cfg01.csv,254,da436abd696bc66e31398c64e45356bc15218dc86e4ba37f8935cff10c9f03a7
experiments/results/v3_catboost_platoon_cfg01.json,7191,9aa85f65af9fa740d03ef459558960181ec0ec5b40ac2e1d9c9b117d54e80475
experiments/results/v3_catboost_platoon_cfg01_support2223.csv,302,2905e31019e60d0d1061cc643eac2e26fdc4e8bde5f686e1112686cb3e6b2321
experiments/results/v3_catboost_platoon_cfg01_support2223.json,30574,be24a4b2afe24ce6d656f13eb3cfbdc51bf95b582616992feff715159bfe1c56
experiments/results/v3_catboost_platoon_cfg02.csv,251,36a7549f7ad4bdf6fb1d3482bea63ef0df7978e4b71eef0748f0e61f5be92e9b
experiments/results/v3_catboost_platoon_cfg02.json,7187,d57c98cb5ae9d484308084494f84324dcad0d3f4b899935ed6f14dedb4ecc4c0
experiments/results/v3_catboost_platoon_cfg03.csv,255,35d610062fb25e75dc5c2e761108e675402559a3b3ad7be303d1fb7b20a14838
experiments/results/v3_catboost_platoon_cfg03.json,7193,d2793de05d30cdf7ea720a326b769d30c657e4df8d00ac03b8f54f2a38efe9f3
experiments/results/v3_catboost_platoon_cfg04.csv,255,891562db8a51cebf2e8afef3a7c906756786e44fe4eae2813cf766c91ea9374a
experiments/results/v3_catboost_platoon_cfg04.json,7191,7a41c29106644e94ecfcf93a533642c9f799680b2ea7c9cde7b3699636c6c1b0
experiments/results/v3_catboost_platoon_cfg05.csv,253,a2bfed072718b34a4dbc604a719dde1a1fa9c83b0be16ee233eb0bb74ec5fcc8
experiments/results/v3_catboost_platoon_cfg05.json,7186,0ca79293868a8a601986ad8e3590a8d9be4e91ad8b4782f58f64ebf29370270f
experiments/results/v3_catboost_platoon_cfg06.csv,251,de3a2b3b838517d14e688554d117c689cad0205a28b7de8a27af6d4fd8236db3
experiments/results/v3_catboost_platoon_cfg06.json,7186,2401fccf3a2777613409329260d0179730a6d9929f011aebb74b15ec251ca7f9
experiments/results/v3_catboost_platoon_search.json,6778,ab9062ec1a73e14ca5623daa68ada29dcc09194cde894e0ede47c1ea538aff01
experiments/results/v3_catboost_platoon_tuned.csv,255,f63578d53b98a21060871bd64b083ed6565129d664704e43d0ecb0725d04b38e
experiments/results/v3_catboost_platoon_tuned.json,7133,afd3b286a514f5d3d901eb4e95e881a625cdf62592ba1a645d3b012c80ec96e8
experiments/results/v3_catboost_regular_gpu.csv,252,73e22233271a40bb4327d926e795db5732913dea599829c29d33c7d8ab8d4bff
experiments/results/v3_catboost_regular_gpu.json,6399,362f6484bea139b43241ef1ef48a08b95fee5f7a87d993d7f1cd71e79a64d98e
experiments/results/v3_catboost_regular_gpu_platoon.csv,261,efe007747727800aca5cc4bfd561613241f968a684d3876dd5990bac08e7fc85
experiments/results/v3_catboost_regular_gpu_platoon.json,6777,1cd9f378db05153fed65357f1f32a05c6ac14e995bc88fcea329b297da975b10
experiments/results/v3_catboost_regularization_cfg00.csv,261,0005fc1b8f26a1600bcfc12243d0aec82f75e746899ec9566257a95438623f8e
experiments/results/v3_catboost_regularization_cfg00.json,7678,020ed14cca60f02ce5e13dfe8dc8d4d0b03518f2d375131c515fc48ef30d8f49
experiments/results/v3_catboost_regularization_cfg01.csv,261,4a4eb408f80c47ebec2c1deb733f248460ff0ed91c270c4c4e2634ed5a80b9cc
experiments/results/v3_catboost_regularization_cfg01.json,7673,3e6f01cb256d23f4a89c13a9ea2ba3f7e3f4fb69f770e0838f8a760791db94f6
experiments/results/v3_catboost_regularization_cfg02.csv,260,679b7d7f04c24b3b3acc8a65eef10979f66a29d6c90999624a645d1974ca7446
experiments/results/v3_catboost_regularization_cfg02.json,7672,f47447bb0f3a51b933bd31ef84f0e150f4b9b29775718188b428493bac4e9da6
experiments/results/v3_catboost_regularization_cfg03.csv,258,f618a6fc5ddb275ff5e13a9469c44b7957cd3fb07affbf49cd0c08435bf65a2c
experiments/results/v3_catboost_regularization_cfg03.json,7669,8f96ae468129480edc3af37c645a3fe7d69c25df519f91f73b879c8e13162777
experiments/results/v3_catboost_regularization_cfg04.csv,260,072170f0f7a1141d2cf8c3db20e33ccdcdb2ae2d7211b62941162cea0afc0e52
experiments/results/v3_catboost_regularization_cfg04.json,7707,ab5c1ebbdfd24c4b85adc9778750cd546a150ff859da238591e7b1c232dd8f00
experiments/results/v3_catboost_regularization_cfg05.csv,260,bb3e6788544a261510140111da12727599e481a70c311c80057e509e219f8129
experiments/results/v3_catboost_regularization_cfg05.json,7706,c694fa6a9e99c3ad601098c491a0083581f6334aba4b220468e7cf5ca70eb4a5
experiments/results/v3_catboost_regularization_cfg06.csv,258,bbaa5e6ab22b1b0b794382e5c247c2af1ea503dabe3def9554e763f06023dcde
experiments/results/v3_catboost_regularization_cfg06.json,7704,d5978d30e960a145c53d7acee87784600d05865f46f948dfc03f04756b2b156e
experiments/results/v3_catboost_regularization_cfg07.csv,260,5196169823cc73f02c4d86f7f2aff5af2f75c5560431b402ae907f2dafd0b116
experiments/results/v3_catboost_regularization_cfg07.json,7704,226907bc87baf8ab7945a54bde388c9e65ccc636da8829f48c954b4c7245225a
experiments/results/v3_catboost_regularization_cfg08.csv,258,2f68a9e7bc14f86d320ad9c7f6e926281aa8ef2891f986061148444b3f3417e9
experiments/results/v3_catboost_regularization_cfg08.json,7705,2d7c679031620870ed1699fc2f3d6d4e3a757b50a9037e2df14191402ce98bc3
experiments/results/v3_catboost_regularization_cfg09.csv,258,9a29cb5a18fe564ab25358b0631d1861b65bfebbcfa5b5819e2a95b81a6aa8c1
experiments/results/v3_catboost_regularization_cfg09.json,7701,0240f1969e83eaf60e146e871147d05bad02edc0549be9a4f5e1df4798cb84e6
experiments/results/v3_catboost_regularization_cfg10.csv,256,c0ef7fec3c389536b4171babc7039990130968adc3f8edf972a186eb657e1056
experiments/results/v3_catboost_regularization_cfg10.json,7692,18d64e08296f634e2af49d77d02b9eec2bd4cd8e2de244bbcb7d66081dc5823c
experiments/results/v3_catboost_regularization_cfg11.csv,260,1b3f5036b9bfe9355476ca96da0e376420200fe1432cb46cc18dc2796e143f75
experiments/results/v3_catboost_regularization_cfg11.json,7679,382160bb44733a680ee54e435480be65a5d1b31016a484c23ec1e276ede541b5
experiments/results/v3_catboost_regularization_rolling.csv,412,a904daf40dec03cd13b2f659c1c960ae33fde07019a218e972079d4b72a0a159
experiments/results/v3_catboost_regularization_rolling.json,12205,af07058d9b4213e9a3535a6d59f5a221d1b32df2b2f2a98a5aa088e1ad4a227b
experiments/results/v3_catboost_regularization_search.json,10386,ee5d968f8cf7088f83e6ff0ffad0f3ff83f9e9c95a66a44c161ea65af907a4e9
experiments/results/v3_catboost_regularization_tuned.csv,261,67b68d47a0579b63162511eeff80c7e0d145f1140f0f015b6782af6e6f1d3146
experiments/results/v3_catboost_regularization_tuned.json,7619,57c356c6cc98ad256690ed0f68adf1d304b15ec8307bbfed0efa497414e3be28
experiments/results/v3_hgb_decay_0p5.csv,237,64e7f39e58de19014289ce56ce595835a87bd32689c3df02e3e295f1b1a1ea8b
experiments/results/v3_hgb_decay_0p5.json,6372,0607db27f784f30afc7acd8d6a02b9ddebb771ba9d2801e18cbe2a6599e25553
experiments/results/v3_hgb_decay_0p7.csv,238,d0dc72561e7726bb496df579084a585f78884ee70e94fd9a9cdc4a5efb2ea6b1
experiments/results/v3_hgb_decay_0p7.json,6383,602c400d3e51f2318789e3a0f51a0a31722cb636f67dea6edbe4652469db3dff
experiments/results/v3_hgb_decay_0p8.csv,240,1bdb410ad90ef7922ba59aeab8bfb3711dba23a6ab62c3c9ee96db388374fb58
experiments/results/v3_hgb_decay_0p8.json,6392,f18ec09f6a5ded39ed3cdc2bac96c56cf0518a2270248e711ad5369d5622e0e4
experiments/results/v3_hgb_decay_0p9.csv,239,adcfb69357f7181c6851c283dd4724f15bebb9a7fe386cbae64a3b05a9681b1e
experiments/results/v3_hgb_decay_0p9.json,6371,661fc172200bb60014ae1fb2967fb60f17410f026ecda17f2082bb6681ba7836
experiments/results/v3_hgb_decay_0p95.csv,241,e07218bd855dae9b85bf286de723124f11f2ca10a8efb9d4b728bd8b2445707f
experiments/results/v3_hgb_decay_0p95.json,6395,6fc70c29a045b3c3a1cf79db464fb377fe190d420b988ba454863c5555e606a2
experiments/results/v3_hgb_decay_0p98.csv,241,014687af552cd12201cf3b6a9cd1f035bf5ea3501d59b4e96815d51b5bab6f75
experiments/results/v3_hgb_decay_0p98.json,6392,c468e4b60f46b638e4b2314b93a2d2cb5484720079710d7d05e00ad0bcd1e1fd
experiments/results/v3_hgb_fpost23.csv,237,2869983b2762d31938cb8bc5c2f07775476e0a6b4b12dcc99d947b772369c93d
experiments/results/v3_hgb_fpost23.json,6088,7dfc8cbdf65fcaede186a8e48809f38b1228f29ca2780e6a18cede2f69d02615
experiments/results/v3_hgb_recent1.csv,235,9243470bb82a66e69e117f1e00e0c637e0c976379f9a16c7221a4c7aa1a8ec36
experiments/results/v3_hgb_recent1.json,6013,ae16caa1b660dbbf959eb61025411ada3a2b83cabdbdab510e0a3cc7e6c8b820
experiments/results/v3_hgb_recent2.csv,236,61c335934b47efc2a2cf8aaa8c37575907c9e23901464a1d568d9042c08a6310
experiments/results/v3_hgb_recent2.json,6035,f3c7d6be24f9a5f6280103a27d868b098bca797f1dea929cc78620b136bd3ce2
experiments/results/v3_hgb_recent2_fpost23.csv,243,dc9f5ad699a59a5c9663d1bcae27f11527737049f4f1e4d90d60cf7760030c90
experiments/results/v3_hgb_recent2_fpost23.json,6067,0c49f0c6f980204531acce2ac2baf39e8b9f9fe9b857af3524748671ddcb2583
experiments/results/v3_hgb_recent3.csv,235,8cb8156765027bc77315df0bc543a124ac2eda9ba0325185f363946a3457b5b0
experiments/results/v3_hgb_recent3.json,6045,454976bfed8a89ed8486ae1de774e74ede327bf1012d21dfe1cf9fe43e63a10a
experiments/results/v3_hgb_recent3_fpost23.csv,242,ea0c5d70c2a3cc70bbbe031391f1376a5cb6f1310de58e62d68d6d445a3b1f06
experiments/results/v3_hgb_recent3_fpost23.json,6082,41afc4d456f88bc626479c9037c33a2a258423bb67dcec3f503fcb47fc82680d
experiments/results/v3_hgb_strong_cfg00.csv,185,ac9c5cb28a2466ec861f61cd4c2a088c7eb0dbd139cc196bf9e3793371b1ab7a
experiments/results/v3_hgb_strong_cfg00.json,6042,2645abb5ae2f1f5c29d2dd7ad798f76c6369370b7e70842822dcf7379597b5e7
experiments/results/v3_hgb_strong_cfg01.csv,241,82050291b1c30b41e3ef710e2d4e8d922753599a1ceb79955b7ba71a85703f25
experiments/results/v3_hgb_strong_cfg01.json,6209,6e67744f479f4a40b7671b3f148c6875517c7428df1df66ad9df3b842004c0b8
experiments/results/v3_hgb_strong_cfg02.csv,241,99b937d7ef7cdceb21518ecc90a4cce709862b7816274bdd5ab17d6cf74d1fa3
experiments/results/v3_hgb_strong_cfg02.json,6215,74f89c56aed31de4d54c47079ea56fe8f228d3dcc14474728926979cc24db003
experiments/results/v3_hgb_strong_cfg03.csv,240,847532fe5de1a316fd29cd71fdc2822603c58cf67bce3885a0571397baa9ccff
experiments/results/v3_hgb_strong_cfg03.json,6211,4ffe304556ffdb06054416cd9bf925f84c471cede1d30dfaed28afd2e0852185
experiments/results/v3_hgb_strong_search.json,4239,56f211e381c2a60113730fc701166d8ef82c2f58256976cc3879d5dc75d3c334
experiments/results/v3_hgb_strong_tuned.csv,185,993c29cdb0f00ca1692e63df660b1ce46937e113b14ff06aa951375c10bfe104
experiments/results/v3_hgb_strong_tuned.json,5986,04e05913b6dd3a465ccc28cd993068a26810e5a8fbc80053c161375e7fc55ddf
experiments/results/v3_history_group_smoke.csv,188,0b987921736b430a5203e4e76a59a9f80515cd31f23d7645962c6cb81f128b19
experiments/results/v3_history_group_smoke.json,21771,4792072ec0d22fdb559abf81d198d98dc198b8786399eb6b786a925cc547d592
experiments/results/v3_lgbm_regular.csv,499,36463b9b44cbd774b7d1f5a2f18adb043bc2a959b02c76f2ecc317b371fb9f84
experiments/results/v3_lgbm_regular.json,13448,12a46d64b71e9cc122cf55f89eda998b92d067477cd6236ebd835a1850283461
experiments/results/v3_lgbm_regular_platoon.csv,247,16cc4c83062df1580f5ebb6571e3bead00321ff7b546b4af0a1692e4f291f9f6
experiments/results/v3_lgbm_regular_platoon.json,7199,dc61fe404b3c3d39cadbefead3b3a220088ee6ea9d23741f48bf9cb0cce4bd81
experiments/results/v3_outcome_all_type.csv,256,a23fd494d8ace64dd6956f9a61685e1bb1055090e6dac982a2ee2279cfce075d
experiments/results/v3_outcome_all_type.json,23129,7bddb36bc2a438c4520d933489941fcd2be7219220453ca5cabeee27a638c804
experiments/results/v3_outcome_batter80_middle100.csv,268,99acba96fb0d71a590366a47bd85e0a374485907c728a3ed17a49877965610f9
experiments/results/v3_outcome_batter80_middle100.json,26738,9d7122c2ff84be1f1067a6051b0563345a1c826dc97fcf2b9fa8eb038be1d668
experiments/results/v3_outcome_batter80_middle100_catstates.csv,274,4bf25ce98ccf3329e1edf631c2d527ca6124513d7290e12b9711eebf7582f391
experiments/results/v3_outcome_batter80_middle100_catstates.json,27102,47a04610152150986818c0f423ca17a9631f94d05693dc081b193db4d663d811
experiments/results/v3_outcome_batter80_middle100_components50.csv,278,c83f490d1a20e9f96692fc908158b487ad9c3b59154c33c544696f876bbcdaad
experiments/results/v3_outcome_batter80_middle100_components50.json,30609,72182362af2046f601fa027c406d6f28ad1fccb18165805369603a92b71e34da
experiments/results/v3_outcome_batter80_middle100_dropids.csv,274,6843f31bf978eb685b5dc22ad2dc5730b1cb249659b60a3678c5ebb42ca581cf
experiments/results/v3_outcome_batter80_middle100_dropids.json,26699,6b997271f4d5c056e706100dcde36b61c3d808ef1e4b6f311dc4ff60f977a3c7
experiments/results/v3_outcome_batter80_middle100_droprawbatter.csv,280,c0706ce6180ebae5d5779cb7af5163e53b2cf96957911f0fed90a9c32d2ffe98
experiments/results/v3_outcome_batter80_middle100_droprawbatter.json,26301,9a71a3d64fea0dbb20d071b3d3f934bbf76b8230aea3896716dd4cdf2a96ff4a
experiments/results/v3_outcome_batter80_middle100_hgroups500.csv,277,44a86a16c301b3438221fa24c3ecd28a800661937cbc0b107f5aa516dd3e80a0
experiments/results/v3_outcome_batter80_middle100_hgroups500.json,32786,ae37538796c8326d8def320a064b8ae60a1f8fe4e0ccaf27ccb570a10f983824
experiments/results/v3_outcome_batter80_middle100_seed1.csv,269,4cb78d33ae5c952276ef0c1a80080d0aa437c448bec74bc9af22e2dfba3a64b7
experiments/results/v3_outcome_batter80_middle100_seed1.json,26739,439b97549cb3295faf720f86692850326ceee2df6f8fde451605f5455c139ab0
experiments/results/v3_outcome_batter80_middle100_seed42.csv,272,9b8bdce570945c94ec0b90f3f5dbe2aded7ea0e32699054e9f4026ea6dfec8b1
experiments/results/v3_outcome_batter80_middle100_seed42.json,26741,1abd7893bf1ea0d6b7679007061bc9f39476cb789e2f826bce98f1bd85a47ef7
experiments/results/v3_outcome_batter80_middle100_seed7.csv,266,0679b23da55fea2f540e34fe33ef69adcf16c2ac658db69ad80dbc4ffcefaa56
experiments/results/v3_outcome_batter80_middle100_seed7.json,26708,d4162c7b180759a9fa6e0330bf522231470fd16504b05f6ba3358677031ac94a
experiments/results/v3_outcome_batter80_middle100_tmonth.csv,272,e712e41c1dfaa6ccadfdd83f03557a7f72800e2a393dc827bf9592ffefcf2af9
experiments/results/v3_outcome_batter80_middle100_tmonth.json,26911,aec0c7b6c8e32d973efb98b20ab8dfdd4ecce4308228da401534acb630b941e7
experiments/results/v3_outcome_batter80_middle20.csv,264,137daaec49d2ce1efa6ab98d460dc80fbe700ae75d56790a20f76dc34bd95f99
experiments/results/v3_outcome_batter80_middle20.json,26754,0b3c8e317bda8bf7fee8d07ab24cd3b98ea2ffe13326ec063770743656fb57a8
experiments/results/v3_outcome_batter80_middle200.csv,264,e218fcc96570622a352feeb3bd7b6b32f5dbdd18e1c1450e88e799311168cb3a
experiments/results/v3_outcome_batter80_middle200.json,26716,5bf22a137411533725b0084d121b270c48b8de686e9959bbe1c13623a1d5e5c0
experiments/results/v3_outcome_batter80_middle50.csv,264,32e3836382e01520ee18c1c014e0348dc57f502ac476b417190f06cf718345b9
experiments/results/v3_outcome_batter80_middle50.json,26752,ed9a50bdce35048273a5668facf29a74e23cde2f3754211270074f00b336ebed
experiments/results/v3_outcome_batter80_middle500.csv,264,8fc642e73cec2650cbb154296763c4c3cd218e2a798d0170515ac9c1677af134
experiments/results/v3_outcome_batter80_middle500.json,26672,27ce25eb6b752120d69649c9b90c6830cfb459692a9290a12ac03b5213e8a6ff
experiments/results/v3_outcome_batter80_middle500_support2223.csv,328,f1cb3a6d2dea61a85ef68345d77f91524d37e59fcf0f84b975105f353e13b2f9
experiments/results/v3_outcome_batter80_middle500_support2223.json,51871,9f4999b26d07d6887b5e7d6474d54a6bd546d5c1363efc575d585e2b3a250d04
experiments/results/v3_outcome_batter80_middle_pitchmix100.csv,273,12b5ba6ae012a8e3ce6fdc93b9f923d208e4e1fe0093e6b5413421264bd4cf53
experiments/results/v3_outcome_batter80_middle_pitchmix100.json,29296,f8a5d919029228bc4824d8a8795e974c3084fdad179788b9757ed22ea06dd186
experiments/results/v3_outcome_batter80_pitchmix100.csv,267,6103d7824d09c860b5bd897b68f8390704d78858aeb704a612dab2b5696b476f
experiments/results/v3_outcome_batter80_pitchmix100.json,27563,80ed10eaee871aae687d255c834f7240f0d637699aaa669edf24ec8f41b76a82
experiments/results/v3_outcome_binarycount_e14k50_batter80_middle100.csv,284,88766c896601b970ad1d810e8996b6894de0b3c4cbda55537240f3539a26b0d5
experiments/results/v3_outcome_binarycount_e14k50_batter80_middle100.json,28530,893bf69ac4241036f8d1ca6c4d357823c5ff3c448d8ce2d680edf1238684ea33
experiments/results/v3_outcome_coarse3_e14k50_batter80_middle100.csv,277,74b4ff0640c9ed8d2e10f0fafb201ac2f9cd9bf2ee4cee56d5e178f75b68d494
experiments/results/v3_outcome_coarse3_e14k50_batter80_middle100.json,26898,5e5420c5cbe8b47aa18097305b76280f905a0db978ff297b460e8f1152926834
experiments/results/v3_outcome_components_k120.csv,261,2c7be843a26089ca7bd68842f24ec6949bd40aca7c1b6e67610220ef62e6e6b3
experiments/results/v3_outcome_components_k120.json,11330,b8f82d1a9236ebc8c355fcc101d44184fa04c74db52425651a712fbdb4a54a39
experiments/results/v3_outcome_components_k20.csv,260,6728f89834e676579232b906b94654a2eb905fcaff106a616f46c73029372fa4
experiments/results/v3_outcome_components_k20.json,11327,1e04313ebc77b2686128b2156e5fac1dcb80e339b6bdd892d0265ef55b4eb2d9
experiments/results/v3_outcome_components_k300.csv,261,0da429e796bda06b78366d92f54aac5edf0cf9a4c5a402d17f6b8f14d66186c2
experiments/results/v3_outcome_components_k300.json,11330,ad436d8e1f50d9192571db60b935c4484309af30bca1c0dc63692c1a655965e6
experiments/results/v3_outcome_components_k50.csv,262,8b317984bb58f9b50aaca489e33d37bd39a21fe3f72532bd1312ad4188c16547
experiments/results/v3_outcome_components_k50.json,11328,a0b8e7ef2d327d02ee709ddb5d35e5a844b4bf802035e89bf235c077411316b8
experiments/results/v3_outcome_consistentprior_e14k50_batter80_middle100.csv,286,46c8bec3c55934608b847e2fddb0df10f54338b0df1ef50381a6e9670ed06b25
experiments/results/v3_outcome_consistentprior_e14k50_batter80_middle100.json,27037,e0c7814ae030a49374757e4b147b3fe2ea16b87b098344d9b58bd7cae1e0bc42
experiments/results/v3_outcome_count_expert_00.csv,261,d242b98706638045d25f0b3535277e1d12435c80cf7d91f48bc1bc498b9c187e
experiments/results/v3_outcome_count_expert_00.json,17687,c350ccace33b4795755b180a0220c4feed2bb912b0bad22ee0bf3f7b7db44cb2
experiments/results/v3_outcome_e14k20_batter80_middle100.csv,272,612cba8093ec8220d4383434908b8e45746a525b4238671d84af3217f373cdaa
experiments/results/v3_outcome_e14k20_batter80_middle100.json,26777,50dc76f942e873d683cd969be397af8153cc4eaaa88f172f3ca397deb1ecd516
experiments/results/v3_outcome_e14k50_batter100_middle100.csv,272,901307f7a96e1552df5855728cf83cab29910755b5acdb5432e8ad9be63cafa1
experiments/results/v3_outcome_e14k50_batter100_middle100.json,26830,ddaa95659d3a57884f017d297e7e9aa60e4f15367267c636aea454cc213ed705
experiments/results/v3_outcome_e14k50_batter50_middle100.csv,270,480e9ada80bccfd5213802cb940c901056317e834c39e46977356b812f563712
experiments/results/v3_outcome_e14k50_batter50_middle100.json,26840,b2901efd22f712332faf8f6ff7e303d393da56e53b3a6105d44ac861dc8bcc9b
experiments/results/v3_outcome_e14k50_batter80.csv,260,b1b331cede05e2228bb9d51d60e0c06317080410726f109a4f1bb8ec0373b4b6
experiments/results/v3_outcome_e14k50_batter80.json,25095,c255c19a7463d5ce6ee21a6a20234060e57f6764f541673f144ab18c9f4ec4d2
experiments/results/v3_outcome_e14k50_batter80_middle100.csv,271,92c1fd6ea483c0eb9c76aae3ea30d6604b640eceb2ed79074c1677928eea05e8
experiments/results/v3_outcome_e14k50_batter80_middle100.json,26853,71ccb0b2263aad443a5298c702048aaeb194354c236e6bf9a3c4815ef7d638cf
experiments/results/v3_outcome_e14k50_batter80_middle100_d5i400.csv,277,a9a5d08f7af50e8458398cb8f5cb6b87f03a853a1a16f10611607dac1e5fea6a
experiments/results/v3_outcome_e14k50_batter80_middle100_d5i400.json,26818,b1731b05d1b1351d763deb96a765a009e01c2d66083b3ef30fdea94d9c5a5ff5
experiments/results/v3_outcome_e14k50_batter80_middle100_d7i600.csv,278,6a122fac2e03390643d4e68bc8992079c3423926a1219ae14334ac7e7d6119a8
experiments/results/v3_outcome_e14k50_batter80_middle100_d7i600.json,27075,3f1016a307f26a783d03fc6b9d4e3f4aec2862b81e3a4c35a957f3a7bcda1027
experiments/results/v3_outcome_e14k50_batter80_middle100_dropseason.csv,283,9758b2ed58254da0f47e824db03acf0ac15944d2116164c09a9ed0f8ef9a4550
experiments/results/v3_outcome_e14k50_batter80_middle100_dropseason.json,26831,1ad44a251ace048d3b7b20dfb5b87e35d129bbc965a753774f362f001ff9c2b1
experiments/results/v3_outcome_e14k50_batter80_middle100_dropseason_support2223.csv,364,e2efd09a1cce812ff7de3e289593bae8b9800aa978eee08319efa6621b9d8511
experiments/results/v3_outcome_e14k50_batter80_middle100_dropseason_support2223.json,51681,706f02d95735abd908643dedc9ada48a2aaa11ee641f1258b060eb7fb7a6db16
experiments/results/v3_outcome_e14k50_batter80_middle100_dropteams.csv,280,38cc0e7544c84bd87da58261c20db17fdec4d9ca8f483115d5241810e3b927cd
experiments/results/v3_outcome_e14k50_batter80_middle100_dropteams.json,26777,e3fd7417e9c9d6c881feca23ea0f0edfac3ed6867cc825ad5b28f59c73c5ed47
experiments/results/v3_outcome_e14k50_batter80_middle100_rawprobs.csv,282,f7cb0630fc00395272fd4fd85753d818a4529a59324e49dd22119fb01300f959
experiments/results/v3_outcome_e14k50_batter80_middle100_rawprobs.json,27039,001420fad18cccb1b4f8013c35bc41298904555c59bd80328a4e6a261588e9fc
experiments/results/v3_outcome_e14k50_batter80_middle100_rawprobs_backtest.csv,354,c8387d0fc3b0543cce2b12395c2c09d9844b931cf17235efad0ac6386e0e1efb
experiments/results/v3_outcome_e14k50_batter80_middle100_rawprobs_backtest.json,50592,d8aa25ac42f918cca6cec8d1801420142e4b31d154ed2b47eefb383bb0fe46bd
experiments/results/v3_outcome_e14k50_batter80_middle50.csv,271,c4a8760ed22a569ffb4fc29fb122eda050e1717d625b82d9de61b2d817f8ab44
experiments/results/v3_outcome_e14k50_batter80_middle50.json,26838,781bab7100615d5030571d442fd836a3dc09e0dc69b81f0f5730185baa7634da
experiments/results/v3_outcome_e14k50_batter80_support2223.csv,322,feb1f1a859553b912d7185e1b9e9e795b798aacc141e48ac88065cc60fd525b3
experiments/results/v3_outcome_e14k50_batter80_support2223.json,48300,d28b44d74f58cb90bd75b99a9ebb3083fff2fe640484eeaa7efb7011b48b77b8
experiments/results/v3_outcome_e14k80_batter80_middle100.csv,273,622dc601aef97b4a6669372ba8797c00dd2caf446357959b06a2e162cba2af33
experiments/results/v3_outcome_e14k80_batter80_middle100.json,26855,4da89fd738b75bd2a848b010d9f5cb1c05513369f7f265a16c0718c54e1f28bc
experiments/results/v3_outcome_five_e14k50_batter80_middle100.csv,277,b393b45519503a5753c56e5d3b0ebd7c5af8d7b57d1924175f15a87eb8126661
experiments/results/v3_outcome_five_e14k50_batter80_middle100.json,27079,70e234794626d208149d694c2299009cbe45a7bc28b4dd604e275e207f1bc821
experiments/results/v3_outcome_i1000_d7_l12.csv,258,7528b22796bbd17ffb88ad7e5d1f407690a80767f01db8dbcba97606542d5522
experiments/results/v3_outcome_i1000_d7_l12.json,9096,b2324acf7d4143d9be0863dd518b40eceb3aebbf86d27143bb0e5c71bec5c054
experiments/results/v3_outcome_i200_d7_l12.csv,258,92cd75c54ea5d4c458287a4a1a357b6f46017950ed9b788c034f10b6630333cf
experiments/results/v3_outcome_i200_d7_l12.json,9093,b69a7846ea63d684c23dc06d467fbddfad1bb810739cab3ac973e3e02db2a98e
experiments/results/v3_outcome_i400_d6_l12.csv,259,220d38682452778d6efadf4a397924203cf9c7726c20885e23a52d666ff3d9a5
experiments/results/v3_outcome_i400_d6_l12.json,9094,f3625f2b00f505e24f5c7627c1c83b174377747b8b5eff3adbe2f4ed0d4af9aa
experiments/results/v3_outcome_i400_d7_l3.csv,258,4d0849e50709d409f742da7b2aa6f8e380b4dc6ac76fffe0de39be315ea1b99b
experiments/results/v3_outcome_i400_d7_l3.json,9089,fce250d7a8c654d027686b90e2bcd0d929c0f6c7a490325c9f3e003c30648044
experiments/results/v3_outcome_i400_d7_l30.csv,257,1036d9d5b31799b691e52c9433ca2716ae37102b2508aef70f9ac685839ffd1b
experiments/results/v3_outcome_i400_d7_l30.json,9092,8956b8b9bcc88954c49b5b0836a8c09c877630fce5ca202d261388e92c32fbd4
experiments/results/v3_outcome_i400_d8_l12.csv,257,4591a763399d43febc6ca34ffa07625d4b5d2f519410ce981d3b67cdfaed9eac
experiments/results/v3_outcome_i400_d8_l12.json,9090,ef5849603a71ef6f9effd8b2a404b4724145f6d7a26860b6b677ddca54a2c6ed
experiments/results/v3_outcome_i600_d7_l12.csv,257,73ecf4478e3fe431bb64a6c39f7461e62c7f4ca9a44f34a9e9cef9596b63c7ba
experiments/results/v3_outcome_i600_d7_l12.json,9093,0234af8beb419b2bae4d5ae4356cdb0fdb61f0cc0c6a61a045b1cdae0b07f28d
experiments/results/v3_outcome_middleany_e14k50_batter80_middle100.csv,281,47b8ae4d8fa57c5e5357a9e12c94d9632a83ef5c4b8735b6ee3a656bcddc1305
experiments/results/v3_outcome_middleany_e14k50_batter80_middle100.json,26988,736b3ddb4c54d409067a40bae595fd4101683936ab40b514331807fc6c96f9cd
experiments/results/v3_outcome_ordered_cpu_benchmark.csv,212,831b141f794b8e2ee47332fe8d99c09c51c02ae8d9cf3afa22e4e26f40b49212
experiments/results/v3_outcome_ordered_cpu_benchmark.json,26876,cc9f569d0f6afb57f9aae29a4ce715b0da48e24e36e83c913f88b47ca4473785
experiments/results/v3_outcome_rev_allcount_battere14_count.csv,274,aba171a9b2a50d0c2eb1eb77bdcfef4fc1046295907bcb9dfd5e0dd99066a77d
experiments/results/v3_outcome_rev_allcount_battere14_count.json,26867,d2a809eb7eb4c8f6ff15d394f61d37bdcd189beb58ff2ff1ee9225c9edc0d0c9
experiments/results/v3_outcome_rev_allcount_battere14_joint.csv,276,7562ef5ab0370bbc5217abf9f38b815a86db9206a38bd8ed9757e134889c3e22
experiments/results/v3_outcome_rev_allcount_battere14_joint.json,25978,e7bf4cbe208ed833b6c6b2797f0424dee3080a7dffeda678c61771b3c7067b6b
experiments/results/v3_outcome_rev_allcount_battere14_joint_count.csv,281,e9aabf5b3d3aeab4fc3745e37ffa299a30869e8a40b7982bf7b296fd46bdb85a
experiments/results/v3_outcome_rev_allcount_battere14_joint_count.json,27900,a70181be671acfef0c4d73292640b21c804e28738042a38498a1863a01837f3c
experiments/results/v3_outcome_rev_allcount_battere14_k20.csv,272,9d7f6a6cb25f5c1c757b8f9e0dd4511e7f2bae11ea51c9201a3d0c0238db6982
experiments/results/v3_outcome_rev_allcount_battere14_k20.json,24983,b7ec63a9ad70b961935242ab33dc15fd28d05fb55b099c3d0b7dc2c6eb2222d2
experiments/results/v3_outcome_rev_allcount_battere14_k200.csv,273,10d3103c4855e34c2d9ffc2f80a5d598f3a8346294a98146803291d44132efc9
experiments/results/v3_outcome_rev_allcount_battere14_k200.json,24853,f0b746d591759e4ccb5c92f7d87fbe7c021f3f4d6bf720fca4565447eb5a4d45
experiments/results/v3_outcome_rev_allcount_battere14_k50.csv,274,60d7c345b02a987dfd7b16f723beeda8c9f2c849e86b46f6da711b562f197569
experiments/results/v3_outcome_rev_allcount_battere14_k50.json,24891,a948797f935591a8520e986c248178cd5bdec560ccb7f7c0c733999a7e29e6cc
experiments/results/v3_outcome_rev_allcount_battere14_k500.csv,273,26822a99fcdb3c5f9b9592a29da4acaaf5d26c7b68cdc3608b344dfc5b9e1a72
experiments/results/v3_outcome_rev_allcount_battere14_k500.json,24837,ceda89cb4a5ca0b098565790b04adaa4e8e94eb37c8b47f458db11134b204a0f
experiments/results/v3_outcome_rev_allcount_battere14_k80.csv,274,12a0fb87d29a3d167e1ed9e3b7c933df6e61c59d7a46391604f100dd015cc57a
experiments/results/v3_outcome_rev_allcount_battere14_k80.json,24968,3f847b88736a2ca8776cd3abdc9af5578b5e0358caa099946fab9cf509c9e1d4
experiments/results/v3_outcome_rev_allcount_e22cat.csv,265,2d5eb6c829ad953fe1f64395738c588b68ff15670a89b0cd740205a7049d3f2e
experiments/results/v3_outcome_rev_allcount_e22cat.json,25838,1c68b1182930769685c42a63a2e20758e1b9bb9a703b1cf7d279e392f0211573
experiments/results/v3_outcome_rev_allcount_Fexpert.csv,251,47555171f2e50c00b225c391b8cc4bbd52f36e11dd789505a81a9bd7c51d552d
experiments/results/v3_outcome_rev_allcount_Fexpert.json,22776,384fb883c74e464b658e102d85d55b8ab82be874e4d737790d024dfd17581b65
experiments/results/v3_outcome_rev_allcount_Rexpert.csv,267,7d595c67547fbf067a1c080bbba5f218cafde217a591aa59cc06d2b6b5f10164
experiments/results/v3_outcome_rev_allcount_Rexpert.json,22873,fe1db502d08eaf548a58b71b4ed28574108b10dd2ee9ae99bdd7c218ac5a8eae
experiments/results/v3_outcome_rev_allcount_seed1.csv,265,ac0b0bff68795a8b44c295425715b041341309fdae51b93c3678f3e6f7cbccdc
experiments/results/v3_outcome_rev_allcount_seed1.json,22865,9d848c54a6f89ac0964b5c46c2b5b6c5642a972a48c6ce6bf1dfde88d7eb99cb
experiments/results/v3_outcome_rev_allcount_seed2026.csv,267,ae514b65d05874816b39e9e03a600730803f892c082abf52fa3bf94215610749
experiments/results/v3_outcome_rev_allcount_seed2026.json,22803,c36549911ff015aa5ad437bdc50cd6c35a3f92163f83525570884153a1360beb
experiments/results/v3_outcome_rev_allcount_seed21.csv,265,b86462c0ad45bd43fe4cae56b39e7fd544e8add5391494fb76a9afffbbbca0bc
experiments/results/v3_outcome_rev_allcount_seed21.json,22764,26fb1d2e15f34ca2289c864defb07f4005d41f50ff5c7b3b7af0ab229be29507
experiments/results/v3_outcome_rev_allcount_seed7.csv,263,4ee59acd932527fe9d359a03fac2d24417386794a90ff651631042710fee56e4
experiments/results/v3_outcome_rev_allcount_seed7.json,22811,d6ded54866032a22141f8dc11e707ad8339c2dc9ce5327aa25892c5aa0e64e9a
experiments/results/v3_outcome_rev_allcount_seed99.csv,266,9fe91c7eef8336d3e11b7198872f30ce381855827155cf19bf2d7df518d87367
experiments/results/v3_outcome_rev_allcount_seed99.json,22810,c36d40fa35d0ee383d1a91359113061985aa4a1fb2d21211e5e7f4c35d3c9a6c
experiments/results/v3_outcome_rev_allcount_trackman.csv,267,23ea62d3c1da6cb8cdefb1e93731995d5c63f645739347710e908fb9541f600c
experiments/results/v3_outcome_rev_allcount_trackman.json,24685,ce758b3fcc022ea3c69624ca668b83522e54a647cfcf95e4f951396c16834963
experiments/results/v3_outcome_rev_allcount_w08.csv,260,3a93e8f32e4db3521508a70bbba2f5f31d26706b76193f21c2063bd896dbfdce
experiments/results/v3_outcome_rev_allcount_w08.json,23436,50d54fba7931feb642ff71e1b2c9bb50a283fead3c97ae2c344344df487e0f29
experiments/results/v3_outcome_rev_allcount_w11.csv,263,1b432d5784bff73e046b050bfbd7334fb98a354a62d9677b44a63b74e2e5819b
experiments/results/v3_outcome_rev_allcount_w11.json,23374,edbdc33f40364990211fc427b8d9500899fe40c3f400c2f02f77c82e7fc114ae
experiments/results/v3_outcome_rev_allcount_w12.csv,262,0a13d5a42cda9b40e53385ca5bc674da19608b4040dcf999ed820f58c5aea2bd
experiments/results/v3_outcome_rev_allcount_w12.json,23399,9d196a567131b996ec4b5681520ffd83aafba2a1f573ca3ef23e9a3ece938a78
experiments/results/v3_outcome_rev_allcount_w15.csv,262,4f277c6df44423d8e1c47a3ae5bfe42b0d2f9164e682958b219cbe2c91717dec
experiments/results/v3_outcome_rev_allcount_w15.json,23375,3c1cee283f85d5fe7e89c1de8f7cf2233fd4aa336ad4738e19bdf790aa8de214
experiments/results/v3_outcome_rev_best_rolling.csv,413,7cb4d31c974e388b2a409143a88a474f991b82ea7f2f82cdb9ae72fbb901463f
experiments/results/v3_outcome_rev_best_rolling.json,32100,cacbe7c2637d3e3717505e213b40207b4d574ea477ae7b16bd1f22545687f131
experiments/results/v3_outcome_rev_count.csv,256,1fc7b573301d21c27091d19db9ca3b660b46a68bff6ba499da57878613af92ea
experiments/results/v3_outcome_rev_count.json,9196,e9ac07ba253459f2a4efc774ac480ea4caaaf534421ebe4498ccaf2436cac01c
experiments/results/v3_outcome_rev_count_support2223.csv,309,a01cae16e87b4a1392ebe4d44d487777b8eb465cd9ee94fb61eb36f5fead2221
experiments/results/v3_outcome_rev_count_support2223.json,34534,5ea4f49df2c2dd4f6f87ffc69712a42481d47e95b90601eace0cb7de2c20aafc
experiments/results/v3_outcome_rev_count_typecount.csv,266,a35303044aceb9015f523a3817b99c7f6661ef9d171761a7b386185507aa698c
experiments/results/v3_outcome_rev_count_typecount.json,9278,e8f90b124b27894139e970796fffa0670de1f5085dc0ba382fd3ce938d089410
experiments/results/v3_outcome_rev_decay07.csv,255,609cf879c095a67475cc48e888a2e3c1c9652d7b4390a818bfba3dc7dc7b017e
experiments/results/v3_outcome_rev_decay07.json,17449,b14d4bb9d70c70c4d554b225c75a6d879cb1c8d8872ed7de6b25d723ba1d7ab1
experiments/results/v3_outcome_rev_decay09.csv,257,c4cca9942a102216ecedfd24432685d9764d2880667f3275cbc0e3f0442cfe37
experiments/results/v3_outcome_rev_decay09.json,17450,d6a0de166803a122771d4fb3962e9e631c4a8816cc9ff58e0bac65eb1f48131b
experiments/results/v3_outcome_rev_decay095.csv,257,e664d5ce683ce275f69da9aac99756868ed7f8d12e457cc60eb5602e72115541
experiments/results/v3_outcome_rev_decay095.json,17479,7898caf1aa68a6eec3adcad4772e7796285158e92812363873bcded4da1a7c8b
experiments/results/v3_outcome_rev_e14_allcountcells.csv,270,9350092a85f7d1138a51c193f605e878dc4bbe415de038cb3f0d5af895001c09
experiments/results/v3_outcome_rev_e14_allcountcells.json,22784,c24cefed31130a13323ecb852615a0ce9845889d1c93dc00f23f60b4d9bf75e5
experiments/results/v3_outcome_rev_e14_count_nohandcells.csv,273,d0696e9bd1fe22d9f66871315a0feaeee14b09271153590b0bb150378be0860f
experiments/results/v3_outcome_rev_e14_count_nohandcells.json,18687,6f28010b22244d3e83b5cee34d8ba65fd9abdddb8d8a6fc401d0ec41d532364f
experiments/results/v3_outcome_rev_e14_countcells.csv,265,2efb15d0f1e7d3d34afd026dc49b04e729aeca3baaa5071128d3a4cd43a8aceb
experiments/results/v3_outcome_rev_e14_countcells.json,19351,1b342b94b67f1c2ef90c0eb15796f6de5aab29e6ab27699174c7262e9b1ada76
experiments/results/v3_outcome_rev_e14_typecountcells.csv,267,16f8c7d4e5f64f77376ead0b6b11dcf87a962cc819f68d73d3b3a037e4ccdf1e
experiments/results/v3_outcome_rev_e14_typecountcells.json,21102,fb7809b54838f0184c7032e94015be3a7f3ecaa5e67af59cebfb0a323030009f
experiments/results/v3_outcome_rev_e14k1000.csv,259,01ef0cab0f1c97c78bb7ff28693b4a634be7391afda1e79ed9b9177ba541cb5f
experiments/results/v3_outcome_rev_e14k1000.json,17443,ad93101e28a61c5dd3ed898d9943351b2719cabdec4b945468ecc3ba0a2cbfbe
experiments/results/v3_outcome_rev_e14k20.csv,257,6921a58729d7da2bf5f59691d6faca6ff51cdb4b6d2513320f878efa01d44d23
experiments/results/v3_outcome_rev_e14k20.json,17441,07a5f441c274581862dd9681e0527e775293d49673cf18a8248888241898b4cf
experiments/results/v3_outcome_rev_e14k250.csv,258,0282c842f27b50c99a11a84e68b19a5a1e66706c65d4a6d1ca76643779f84253
experiments/results/v3_outcome_rev_e14k250.json,17466,8c74e001f93c34477a2090e0495a3ebdd7eee3cf2bec868b188e8e468added7c
experiments/results/v3_outcome_rev_e14k50.csv,254,e9d48eb956470f3343c4bfcc6a0709aee6946b942b05ee77e44309b087f91f08
experiments/results/v3_outcome_rev_e14k50.json,17418,53883d415fa4c8c22934463d7fc115be545d1c8ef8bcc890055c4fecd19942a1
experiments/results/v3_outcome_rev_e14k500.csv,255,0a03795fac98158b8093000caec17a9be32a918226e2d3315eaa7dec76a3d9ff
experiments/results/v3_outcome_rev_e14k500.json,17440,19392df5adad426a96d82fefc393e659dff4d3c19fef83afec49b042184af01f
experiments/results/v3_outcome_rev_e14multi.csv,258,c2247ce1a6a67c85caa8f6b56da8f6c34b50276bbac0bf720e702b4c22a01707
experiments/results/v3_outcome_rev_e14multi.json,20004,f2e373259273984dfcf6a8354134ecd6478b15a341c25f61a21f653f8307e1df
experiments/results/v3_outcome_rev_e14multi_support2223.csv,317,c1f51aab5b2d08a945f024d13c6bc1face67bddb1544d4552f7708045d5f7421
experiments/results/v3_outcome_rev_e14multi_support2223.json,39302,6cadebbdbd7c9853c046f67785e9c4165a94ed5a7b9f33294bbfae2cb7ab40c0
experiments/results/v3_outcome_rev_fpost23.csv,258,22d7fd8086d134fa2d6807862d7e4143752b52e82c3342efb72723d11c3bc848
experiments/results/v3_outcome_rev_fpost23.json,17496,6de1db9420956726da44d47ba37e3e723797f1ecb785658ca07e2f211de788c8
experiments/results/v3_outcome_rev_fweight01.csv,260,c603525ae66aef578d25899d2061f507e1c2dcb0deccf84ef91516f48db141d7
experiments/results/v3_outcome_rev_fweight01.json,17467,44d6204bb7518f8691283f2e8bdfd8f883bd7f0f6e730383bfcebe769a691f24
experiments/results/v3_outcome_rev_i300_d6_l12.csv,263,a573566748237542da534f2acdf1113be9d3052c08b4ccb7fa42b946ca999e99
experiments/results/v3_outcome_rev_i300_d6_l12.json,9154,091758bfd17e8f9ef4ba8a2c66c13662cad9629e8ca8bc02f8e451d78710f2b3
experiments/results/v3_outcome_rev_i400_d5_l12.csv,263,8f642500490e733b28e6f60544b397e0aae205d9c4495074578f45b75b1eb1b4
experiments/results/v3_outcome_rev_i400_d5_l12.json,9155,01173d9c6f3750b068dfecbc143f480d6faaa6ad574e500d855134c05cdf1501
experiments/results/v3_outcome_rev_i400_d6_l12_ctr2.csv,265,51fe610da630b229d1cd9a6a9b7037ad927a25bf86c4eefd283156505b58ade3
experiments/results/v3_outcome_rev_i400_d6_l12_ctr2.json,9247,d01aabd95e0bd7fcfbd6e9ba7e642bdbafc63c0310b21d45e426934791854724
experiments/results/v3_outcome_rev_i400_d6_l30.csv,259,23472594841f2afacb56dd82e036fe7504225d7f3511167e06cbfbbc8ece978e
experiments/results/v3_outcome_rev_i400_d6_l30.json,9147,8a751cb07eb64981dcfe8b08bbddfc6576aa6912bfdeff56ec3b30c62a9ed52e
experiments/results/v3_outcome_rev_i500_d6_l12.csv,263,e60222ccc567c7f15155da387342b28d15d97e5a438b4a89d8e395a92bbfac33
experiments/results/v3_outcome_rev_i500_d6_l12.json,9152,d582265980b52de683c5b6cb62d49a103d60e0db2ae517b15adff9bb0e416850
experiments/results/v3_outcome_rev_ova_i400_d6_l12.csv,265,c0c8f691762699a1db9b89fa61a12ebab0a990d957e5fc80d23611f3a53bf2e5
experiments/results/v3_outcome_rev_ova_i400_d6_l12.json,9220,6b1965ddc5b21ae396b3b5f837f4429641c9c2b14dbc566791ce4a5da08260c1
experiments/results/v3_outcome_rev_profile.csv,260,f4df8441a7da38b33914a3d52f2af8651f9ab3e354f9caeb4e09c1fdb343577b
experiments/results/v3_outcome_rev_profile.json,9809,dfaf822f658042bd1f92cdc74fd0e8e99a67602f30c82b4989be1655c6b7de1d
experiments/results/v3_outcome_rev_typecount.csv,257,781f3187c73e6ad2f895788e70561671782914e7b7590f75dc9cb6c28c8eefff
experiments/results/v3_outcome_rev_typecount.json,9198,eb90780c0d8bfc89fe974eda1e3c99beea6f6740a1cd9daf4dc61bfc3fcb198f
experiments/results/v3_outcome_rev_venue.csv,254,c94f803415b51b3edeeead434990a3d45579afabeed5b528cf30e24e31325676
experiments/results/v3_outcome_rev_venue.json,9446,23f7361074c3ad6c24aa1ed5ddb8578fbaaea382fa37f1be0ea380de2caabf8b
experiments/results/v3_outcome_rev_venue_profile.csv,263,43d0a3338d7a4ed569b5bb8cf8c916dee45471b7148d1e573fc64141f2f80d6e
experiments/results/v3_outcome_rev_venue_profile.json,9951,3c240574e9a1c7041bd3d40d21993f3727c587540921e404e8035123ef2cda2b
experiments/results/v3_outcome_rev_window1.csv,257,0fdfc241fbbb4f8e85578709dcf1bba6569732c86f4ad478d4ac0553008ae693
experiments/results/v3_outcome_rev_window1.json,17363,5035e45f18c3047d68623a64422b4c0eadea3fb1021321cfd6c7453068c5379b
experiments/results/v3_outcome_rev_window2.csv,257,b453e72186e75cae703c60efd0e5c9ff7abb1a8a541fca3068e57b183543686d
experiments/results/v3_outcome_rev_window2.json,17390,c955cd77c6e6b77990725fd4249d4e522e328e4197ba52b2c2dc20aeff6f24f3
experiments/results/v3_outcome_rev_window3.csv,256,aad5c4fc9ac579a4bcb945a27350f5a311008c7d9b9f97a5ffb1ed69b5559d26
experiments/results/v3_outcome_rev_window3.json,17406,7a3eb386152d3aa26f7030a80244ab20d023fbdd1bba06e459716cf9a0b26ed0
experiments/results/v3_outcome_reverse_k50.csv,256,a698f6c16d6606ba4f93fff1c83bd4405432d5294e3ecb8144c23ce05d6367ac
experiments/results/v3_outcome_reverse_k50.json,10956,27cf62616ac1b4197e61c1d63ee515a6a0d5e8951c97f00b2c0e80f778c51d50
experiments/results/v3_outcome_scheme_coarse3.csv,261,93eed7341386fb3f06aecaba5f3f6880b75d9c7441040657f4e9673abb0bef6c
experiments/results/v3_outcome_scheme_coarse3.json,9088,09a6bc5dc9fff92ca10b7883cbdc0c179e06aa62f11b651415b366c76947fe32
experiments/results/v3_outcome_scheme_drop_overlap.csv,265,116c552ba20a0aa5afce7aec42dbb5135c3aa6c4136281509f262738d9896ecd
experiments/results/v3_outcome_scheme_drop_overlap.json,9149,9ca28bff4664d19c1a9ed26dbb04b3ca9ff6a26dea9bf7632083b9b9ae0240d4
experiments/results/v3_outcome_scheme_middle_any.csv,266,1844a423778763cd330eb8a4138cd7e4edaa5da941b8dfb9f6bcba4b93f5387d
experiments/results/v3_outcome_scheme_middle_any.json,9143,19c0161942af58dea5cbb50c8989c2e8dec2a99a583e68835e59d79e55943ccd
experiments/results/v3_outcome_scheme_reverse_any.csv,267,fccf5eb7530b40208384ce8fece5ee638899ee0952ad5da20f91ec5a51bbf976
experiments/results/v3_outcome_scheme_reverse_any.json,9148,b9b380e6db3a796c92a108fc94fe6cc4ecfbab77b8f6a7ffb8fc666561f90900
experiments/results/v3_outcome_success_count.csv,259,4b6e038bccf7541c3d39ede6ca47f4738f14ca1899ee89362aa786dea4b808e1
experiments/results/v3_outcome_success_count.json,23408,a6ea0df5333d8003acf92214bdc25ee01ddadb3af404f306bd868eb3fc8c4518
experiments/results/v3_outcome_success_type.csv,258,7bcbbde1bc224766689fa2e75c3df9f0ad51781efed6cdd46a0a2b39d7718716
experiments/results/v3_outcome_success_type.json,22926,877dd2aae5f80bc56355ca3008d076633bc42a817d48f428ed1a0150da4627b6
experiments/results/v3_outcome_successcount_e14k50_batter80_middle100.csv,286,f2808b09cfff92abe94c5f903d9790c6d7b39fb6495f7c27512ee321c9dcbe4b
experiments/results/v3_outcome_successcount_e14k50_batter80_middle100.json,27783,16b64e92c38ee3001025563c1bf202e9ca0bcd898fba2284e7bc15590df6b197
experiments/results/v3_outcome_trackman_both_e14k50_batter80_middle100.csv,287,79b2d6aa978613464fc325754212bb1021ca41f77c5e83700385ecae67bfaf34
experiments/results/v3_outcome_trackman_both_e14k50_batter80_middle100.json,38846,ebd7dc7b8cdac2c61e6a4b140334313f806d195f463dcc3a5c9d0f4a27049722
experiments/results/v3_outcome_trackman_both_overall_e14k50_batter80_middle100.csv,292,95aada0b6cbab9594a11c57510a931b746a94d9f5e50ac3fb815dcfe71b4a5d1
experiments/results/v3_outcome_trackman_both_overall_e14k50_batter80_middle100.json,35006,15d2e56221d532480ea6923a87b5629276a4ec2d8981937199dccc9b017e2086
experiments/results/v3_outcome_trackman_components50_e14k50_batter80_middle100.csv,293,e6c4f38142d41ef8a5155df9a9d90f63652e97714954f7633e2b320334e1ca45
experiments/results/v3_outcome_trackman_components50_e14k50_batter80_middle100.json,32745,23b45cef51223a752df3515ac63e3323a3d1d658ccef45731aa8c70cc42cfbca
experiments/results/v3_outcome_trackman_e14k20_batter80_middle100.csv,280,e73d745bc1b219d38fc2c4a6437891c7e6c749f6074ec8cccddf8352959b0311
experiments/results/v3_outcome_trackman_e14k20_batter80_middle100.json,28809,a3da96e3a78aa0a14d99ff34d0cd8eb7b17e29fa75433dacc0b3b06e3128eac3
experiments/results/v3_outcome_trackman_e14k50_batter80_middle100.csv,281,94fd9d1b1d6d7ea1a4537d9ed70963f915c81032debda6e427dc222f6770d51a
experiments/results/v3_outcome_trackman_e14k50_batter80_middle100.json,28740,265c298f07f1984c3cd1c3ba8ca657d5d455cdafdc8873bed603a5969b325c5b
experiments/results/v3_outcome_trackman_e14k50_batter80_middle100_seed42.csv,289,8aab5ce47be711758cf9958837f49107f22802401124cbd27899a996c6acdf38
experiments/results/v3_outcome_trackman_e14k50_batter80_middle100_seed42.json,28804,fc5ff906027c8c5ec3d87c98ddcd2e3e966027b8b8cd67c66b86f4a1abbe9fcc
experiments/results/v3_outcome_trackman_e14k80_batter80_middle100.csv,281,8b27d3df026ddf4b5d1e5c0ceb55740254a0fc901c2212a97f193c046770d9f7
experiments/results/v3_outcome_trackman_e14k80_batter80_middle100.json,28807,fef9a874acf5b631e436332e0d1b00fa2275046b5c77b3d157eda2b880ddf554
experiments/results/v3_outcome_trackman_e14k80_batter80_middle100_support2223.csv,360,62a26385cc1c3ed98a811caafb8cfb8489c11b17e200c4c463c8cd558c33e4e2
experiments/results/v3_outcome_trackman_e14k80_batter80_middle100_support2223.json,56391,d16e9e94dbf675d37cfe6eb5e8a96b070f65e517f69c79f2e3ccae784bafeadb
experiments/results/v3_outcome_trackman_e22cat_e14k50_batter80_middle100.csv,288,46c3ba5cffaf9c423969415f6be23927b36f7572c8c718211b558ba72bcf27b1
experiments/results/v3_outcome_trackman_e22cat_e14k50_batter80_middle100.json,32068,dc00b5a7925dbd998542ea0dfe23ad3c855035ad944d34bba45adbf579684457
experiments/results/v3_outcome_trackman_keep_pitcherid_e14k50_batter80_middle100.csv,297,4d6fb578fffc636e5ae180b007eccba737446c1a7ed4cc0194c9b70e33f6243c
experiments/results/v3_outcome_trackman_keep_pitcherid_e14k50_batter80_middle100.json,29208,23659ed318113a3a7b4cbe471b6b071ffae4afe84163ff5abcbd4c973735a395
experiments/results/v3_outcome_trackman_platoon200_e14k50_batter80_middle100.csv,292,1636212a8c865fd6c98bac7e4a6a6f4ebe4f5f9e18b4d6d649bc20ae3b39a76e
experiments/results/v3_outcome_trackman_platoon200_e14k50_batter80_middle100.json,32030,79e3c3870a605d5a76ccd43aec666a508868146d56d5e6dc393305a003c43be2
experiments/results/v3_outcome_trackman_w2_e14k50_batter80_middle100.csv,283,f045f8fdb13ee67f0ea35bf1e2bc8fe17af24792feb6ec801625f2be34e3ce27
experiments/results/v3_outcome_trackman_w2_e14k50_batter80_middle100.json,29087,b03b61b31e5fe8d44b4ca48e2665013e1d9dffed8f5e162687cd557c86b538d3
experiments/results/v3_outcome_trackman_w2_e14k50_batter80_middle100_support2223.csv,364,cd30219e0957fdaa589341a2785016763801cb84716ccdc47a3ce55878ad2473
experiments/results/v3_outcome_trackman_w2_e14k50_batter80_middle100_support2223.json,56240,968b4b0c05cb9df53c8a083648b16e10efc4a6d4d4013a3cb5ff93f3d697d759
experiments/results/v3_outcome_trackman_w3_e14k50_batter80_middle100.csv,282,4720d4cbb802681212f02742f21bf56ad04303b4a7ec052e63740c3eae1bb775
experiments/results/v3_outcome_trackman_w3_e14k50_batter80_middle100.json,29019,df198f115c5dccc2a94ab48baf9ff973ef30d8e1001ead0e8b0784ee8c48007a
experiments/results/v3_outcome_trackmanrich_e14k50_batter80_middle100.csv,286,8b99dfbd79677a8b55c6122483f391ecc4c37794ffe4fe8a458e9eae55048708
experiments/results/v3_outcome_trackmanrich_e14k50_batter80_middle100.json,36709,49af12b754fd2c28765fef2dbe3a653c642193b0f9d87b4083809659e3933030
experiments/results/v3_outcome_trackmanrich_groups_e14k50_batter80_middle100.csv,289,a867178778e4be8b21aef803657e28302dfd7aca026bf51417e1d8b13514aae9
experiments/results/v3_outcome_trackmanrich_groups_e14k50_batter80_middle100.json,35034,033980e32fee57afaf09dd7b8b80fc1084cd93899ed3b4b840c96830b777f8e8
experiments/results/v3_outcome_trackmanrich_overall_components120_e14k50_batter80_middle100.csv,306,34e91d1d9d8374fc36248f2e431a1464e5fc988e61d783d0a0df79004b18c865
experiments/results/v3_outcome_trackmanrich_overall_components120_e14k50_batter80_middle100.json,37161,0e9c9c17d60493e315b96e60c096ae5b02feb5c4db38e65517cb8558379d32d6
experiments/results/v3_outcome_trackmanrich_overall_components160_e14k50_batter80_middle100.csv,308,444d820cf940f90cb35d9515a3908ad31c4753cbc70a003b523a59a1b878c8f4
experiments/results/v3_outcome_trackmanrich_overall_components160_e14k50_batter80_middle100.json,37182,0c1eca6eefcb4cebb0b29a1c7ef6b68f2131654e728682e8eff47f5e960f9b0d
experiments/results/v3_outcome_trackmanrich_overall_components300_e14k50_batter80_middle100.csv,306,e81d9ffa86039af7cb07f3dfbb919500ee89d2df096b1caa476fc7eae46d0a0f
experiments/results/v3_outcome_trackmanrich_overall_components300_e14k50_batter80_middle100.json,37135,8c1fb6eae29078c98f54ca2037339ec4111f7ec69fb139f78bf0e59e3901ac40
experiments/results/v3_outcome_trackmanrich_overall_components50_e14k50_batter80_middle100.csv,304,8b91c75155749877a5dc43d8cf9a2853c36d81ec1eb9b3a29c5d7be8e29bdc2a
experiments/results/v3_outcome_trackmanrich_overall_components50_e14k50_batter80_middle100.json,37084,11786b1843e7ed6797a8cc5d848fedbd867dff680a1b0e2042467ffe19030978
experiments/results/v3_outcome_trackmanrich_overall_components80_e14k50_batter80_middle100.csv,304,d671c6da1692842b50289799be9b7b0cee1aeff49c863094fddb641e224a8ebb
experiments/results/v3_outcome_trackmanrich_overall_components80_e14k50_batter80_middle100.json,37117,a81c6cd7e178b7102ba3ec6e0bcc9935587ffb325409bd4c163a2b4f731e9f0f
experiments/results/v3_outcome_trackmanrich_overall_e14k50_batter80_middle100.csv,291,29ac89102da46e3d83ee78697e1982117f3e57c3941543e77d37f5949fdd727d
experiments/results/v3_outcome_trackmanrich_overall_e14k50_batter80_middle100.json,32867,7aa30137fb9692f0ba91e08957ce6289f68d025f0b49818dbc8e1cceabd44bdf
experiments/results/v3_outcome_trackmanrich_overall_e14k50_batter80_middle100_seed42.csv,299,18b14a3becb1e5c15bc296ca2a34c038c50d24eb3654d4ecff81b8abf2cceee0
experiments/results/v3_outcome_trackmanrich_overall_e14k50_batter80_middle100_seed42.json,33120,6babd3a35cc0af9a12c48ec84ff9e9c0d5c408b35caa0d58af433c1fd1a5f2ed
experiments/results/v3_outcome_trackmanrich_overall_e14k80_batter80_middle100.csv,292,a8c78e70088ca0e805746d2e57827c403efa2d3b9365ebb37a3e5a346a924965
experiments/results/v3_outcome_trackmanrich_overall_e14k80_batter80_middle100.json,33041,d6377e010b4062b7e4c9f823f573e7f1d32e3f552cf6245716a632048e5ea22b
experiments/results/v3_outcome_venue_profile_smoke.csv,194,26ea8715a50ed37290eb92966847d7bb28925f06aea77873f8ddd4a78c7853cf
experiments/results/v3_outcome_venue_profile_smoke.json,9629,5e0042fa9b80fb27ec4fa811ecf20633afaac0ad267b4cd0eecd6c272d6320ac
experiments/results/v3_sparse_a_backtest.csv,285,ea1960d85d3d237060813107b212a06ee072f283909ee9ecb0b1de0407fbd3a8
experiments/results/v3_sparse_a_backtest.json,69454,553c81a461e2f3d1d26f399aa32692482c90056e30b35353ac64e33ac23df5fa
experiments/results/v3_sparse_b_backtest.csv,286,d4c3ce612d4b667f2372a5e532ccbfe9d9009d2b75a0d7a3b0c052b52e841259
experiments/results/v3_sparse_b_backtest.json,61870,8ce051030f9bcc1b2020d2cf63546831bafe1c3edf44446fe5c07cabbe25fd84
experiments/results/v3_sparse_c_backtest.csv,285,7e72b3aa4a165c1271aad2dd2a51b0e78eb0f917c1a30c5edc2a9307fec8669f
experiments/results/v3_sparse_c_backtest.json,61717,116c8ef35ee4298b00e580452e0415502877ca3fc92b50e067b044ce6f07da35
experiments/results/v3_sparse_ensemble.csv,1071,f353c0ee9ffb5ee15813f05b4934dc52ae7fcc58d31a1901a0c2a0240935cd6b
experiments/results/v3_sparse_ensemble.json,16123,9763aebc2ec7985f48a6ca1c730cf5af2ed59861a65d11ae90c3d2cf6f723757
experiments/results/v3_xgb_d6_allcount.csv,242,29596c86c303cc301dc1f4c9c53e478392b6adf0c3275e793fe1bca785ceab74
experiments/results/v3_xgb_d6_allcount.json,9804,106e1e4ef30b7f5cd7d83620c6fa501c0180cb4b5bcc68584a4d8c76dc1c9c27
experiments/results/v3_xgb_smoke.csv,182,a8cf29c2824b1ef6179c6ba3eaf2ad52028619ec37b21bdb3d132f6cc6a07347
experiments/results/v3_xgb_smoke.json,9493,9df643edae9b7949c7e68cf2af66a6b9052569f6d87b4907219a3dff9d921a4f
experiments/results/v4_a10_trackman_components_e14multi.csv,270,02e5d676c4446ce8685069e6c7224a4811b6aa2ccf70821f73815e83fc09103b
experiments/results/v4_a10_trackman_components_e14multi.json,43519,61b0cbaf5b5b640352d22481477d33b81f3048dc02d7587a3d5c5332b5e50e08
experiments/results/v4_a12_ebm_300k.csv,180,6f9de3d6181eb411e9bd9bcf648ac2ae32a06d15207fa890e92423a4a6183ca2
experiments/results/v4_a12_ebm_300k.json,9018,86d24816c5c7a3e4c6113e37271d093789b52f00e25da5125e085739f0d4cdb9
experiments/results/v4_a12_ebm_smoke.csv,168,46b8464bcadfc6503201a3449d290cea9c793a64f2974a23b8d38d99d38e1494
experiments/results/v4_a12_ebm_smoke.json,10157,f37c5af327e1a40be5853df00656f09b8e9bea6944b2281e13291727fb549d3e
experiments/results/v4_a50_application.csv,408,21d8e87edf5b7c5098afeb0561cbae5969b28f51e2a499f4d44adafbf26abe16
experiments/results/v4_a50_application.json,21210,2344ce6c8e79f454cf7a38c7ea614740ca1c7043f1876fd12792c925ea01b47a
experiments/results/v4_a50_application_smoke.csv,190,7eff83de91a0081879d4c1edd922b83a80ec9351747195d69ea180318d7933a9
experiments/results/v4_a50_application_smoke.json,11624,fd8a1be740b9ae26310b1f4b6a484dd4f8259d3cfb183e3de7229080fa872980
experiments/results/v4_a50_behavioral_smoke.csv,203,e071062a7e0ddcbfe6261e272f7478ebc8771019dcdf6b831d14ce96dc583730
experiments/results/v4_a50_behavioral_smoke.json,23683,2ae700ef351c35df5fdc8fa7fc9ef0f8d1bb2fb115460e56a2170832382da808
experiments/results/v4_a50_behavioral_trackman_components.csv,446,a3150247e6bcfa0d0267356e8a018834b5ee8f28c465ffbd9efdf350d93ca668
experiments/results/v4_a50_behavioral_trackman_components.json,72546,3382c7c113cec86b902ae24190d813505c2cb69fbce48d020e6d9e2737f62b03
experiments/results/v4_balance_smoke.csv,196,2b27f7d85d754853e40acb12a117eb67c2546f73e9689e7f272bbf88a95993be
experiments/results/v4_balance_smoke.json,16810,1551c279e5a46628f5c18ca5f4d1e8cb1ef9e4d83bec1fa2de03549f7430cd07
experiments/results/v4_batter_context_profile_k100.csv,265,9050fed1ccbbe300f713b154cc5aec22b3ec1791ae5e49ab28a10257b7a9c214
experiments/results/v4_batter_context_profile_k100.json,41581,549adea04b91b125068bbbd0d0e639d98d182cfcbecfa543772a55a69dd27fe3
experiments/results/v4_c3_source_replacement.json,3340,cb0bea676dd8edae4e199bbe1406d1be459fa510bd7097b30187bef2e842f628
experiments/results/v4_catbrier_ctxlvl_tm_primary.csv,315,5e93c2ca3159bf515aaa1d655211093c9c9a636d150b07e9eca448ea317fa83e
experiments/results/v4_catbrier_ctxlvl_tm_primary.json,53969,f6e3859d74692f64a5e1bc42a65b60e4d2a86998f033c5415468eba6e0eead9b
experiments/results/v4_champion_pre_stack.json,1422,b3754725daf170380efdb59a412f264a14967dac12809725e35f92bc18dfccce
experiments/results/v4_compact_supported_ensemble.json,7091,6786a232ecbb9b2e68a28daec7f2685620b2b696c44a8f88220f67dbf68e2c63
experiments/results/v4_conditional_ridge_stack.json,10842,5d4eb9f12d6e473de43774a318e8c32a685908648b2e31b4a21b853fda54bbbc
experiments/results/v4_context_cat_delta.json,51608,960b9e468b2775393085c0822c83412f38538294b0c0031ad2d5535400b31e1c
experiments/results/v4_contrast_direction_stack.json,2023,7415f2262d8aa84dc717e03df4d16d72000dff2e6b494aa67ecc506e237e3020
experiments/results/v4_contrast_effects.json,66994,9b413426e0b6f6894de1d8ea815934cea832b8239b65897cba952c039966c5dc
experiments/results/v4_count_expert_0_0.csv,199,b19980ae7558d7a8f26cf12a2b6ccaa13b5980055dc662ff557e420757a0fbc6
experiments/results/v4_count_expert_0_0.json,32448,ff0f59573c3c464b7743baecd2d5f1583a3e6de521af0ad9226ad4102a5833c5
experiments/results/v4_count_expert_0_1.csv,199,b9881872e916c8a3f5f4dff1743f867139694c3cdee6c221b232c76563bfb065
experiments/results/v4_count_expert_0_1.json,32447,bb5473a4055b2a242579d54eea6d68b671bdcc333bc6ef979acbade16aecee18
experiments/results/v4_count_expert_0_2.csv,200,87cb063d675b42443bbe4554e7527bd76470218724e1623b7efcd054b1a91735
experiments/results/v4_count_expert_0_2.json,32410,6f7da9ced2dd3d1fba15df33cd77ca0160093c546716c874c0d075165a07a112
experiments/results/v4_count_expert_0_2_support22.csv,261,bfc9f5585587f251bb5eaf88cbd8155c4ef2c6969ac8af54955e1600af753494
experiments/results/v4_count_expert_0_2_support22.json,33553,744bb2149587292fc48ab57a40d992a591130ea0f67d1cf087e981b43988ec01
experiments/results/v4_count_expert_0_2_support2223.csv,307,ae69ef63a78271f32608fdb10feb0c4703e668e34dc2c74ba9d6c4169aa38639
experiments/results/v4_count_expert_0_2_support2223.json,62622,62a8ac9888c22a159a1f4b23d4344c4cddd894cc6e987074d1acad429b1cb1ab
experiments/results/v4_count_expert_0_2_support23.csv,194,36bf638dc2d66c444dc6f96a97c6ee6da76c5109e76cb538852a636f328ba71f
experiments/results/v4_count_expert_0_2_support23.json,33698,a8384eb1b24c380534df9f5e56a5e2f51583931de1cb360ba8c3bf6e97e4a72d
experiments/results/v4_count_expert_0_2_support23_exact.csv,200,3c0bc9cbc13b0d5d2da753d0fa1940a69f964b52fd098858c8086cbe038cb437
experiments/results/v4_count_expert_0_2_support23_exact.json,33183,3f6f80973bc8026e335924d40500725bd9e657d8b06eb8512afd220f1d33cfbd
experiments/results/v4_count_expert_1_0.csv,199,9ed7aad8a6eea07834c944c000d32cbd34bf79a7a5366dae1f7c358dd2e62f87
experiments/results/v4_count_expert_1_0.json,32406,c421eda3712769ac3f688fbd907a10303140a432c516499da93ec096f39b3ef4
experiments/results/v4_count_expert_1_1.csv,198,1d405632236474113ed43c66316e27c20ad8d48f1b11b2e383da1bad37342531
experiments/results/v4_count_expert_1_1.json,32440,a3be37d155be65a4a68cfc0db1a88819ff403a145b89a256b22592dc80adbe21
experiments/results/v4_count_expert_1_2.csv,198,da58bf37d15e4d465ae875c3986678a45a86ac1d17dbe6fcd2ad662d85d63edf
experiments/results/v4_count_expert_1_2.json,32454,247761f7081d28ea333b82dbe8f6de6c004dcf4dd74fb361dac60877c5443e3e
experiments/results/v4_count_expert_2_0.csv,199,35b133ccf7a7b173d567900b0d02939b2be040853ff8df24e29044896d3d3c7b
experiments/results/v4_count_expert_2_0.json,32398,32e4e9da061cde8ef3231420ca412beec67f8f3503f6a14a337eee2b4bb82109
experiments/results/v4_count_expert_2_1.csv,199,63b54a3de66e73253990916bbaf7ba53b8dd5ec4a031c2141de574e30fdf873f
experiments/results/v4_count_expert_2_1.json,32414,1f4f21ae09583177825bb618792f2adf30770c0c74a7a2a33167ccea75c78a8e
experiments/results/v4_count_expert_2_2.csv,199,7ce8a52392aecdfff2e398304fc82ed55abcc3814ed34c77e394fb0fd628deb6
experiments/results/v4_count_expert_2_2.json,32390,ff257efb304d759a5f0c9b589f34d7be8bd709c9907d7e5ee9a391f15dd6683b
experiments/results/v4_count_expert_3_0.csv,185,c0dd6cf5bf50308d580e076c43bba3e2f731463b29ba47c896de07292cfc58f5
experiments/results/v4_count_expert_3_0.json,32366,27c7cfc984b65f88d86d7646544e9df31e6ab5618699548521bdec0d746d3a98
experiments/results/v4_count_expert_3_1.csv,200,cf7d6441fdc4536ced523aa9069fbcaa2f1af17b796f1e98aea244bd5e548cce
experiments/results/v4_count_expert_3_1.json,32424,1d5b9594fd559e553bf7187d118fd874701b4caf8728824f65ff363b37d54c98
experiments/results/v4_count_expert_3_2.csv,185,a6c146300725d62ac6204b0fd4f23dc324cd20f0335bd47dc963a32fce833e69
experiments/results/v4_count_expert_3_2.json,32347,e14a6bc460f676e32c31ea33f9feb1a71634bc79c7bbfcc8923519622dc5a124
experiments/results/v4_current_residual_catalog.json,11780,9017fe8244fbbb7241ca2352711b0eb8559ce458543fa6d06d1c57f4391a8717
experiments/results/v4_current_state_binary.csv,193,bb93b6df673c36039b3bb1f28e8ee54affb3ecb488c691bd216a0e0377340303
experiments/results/v4_current_state_binary.json,21174,8f58a80681416334c49f984fbd5ce649463cb62bae030966337218e7a283ef5f
experiments/results/v4_current_state_binary_support22.csv,259,f2d09f8eb068fb76fa34ba4397d8eebf4365be41e903b682b2193db22a045c28
experiments/results/v4_current_state_binary_support22.json,21565,a595e7ad53fde1256e44cbc7b36204b94a626b3594a32ac93a8f61f282aae053
experiments/results/v4_current_state_binary_support23.csv,191,53e2cfb1bb25a7324e043eea43e418374a1e30061087512c1602ceede592f0b8
experiments/results/v4_current_state_binary_support23.json,21265,11eb25219c098dd37f80a0463bf2a26be1e27da8655da5267bccc54dcfd8cb4c
experiments/results/v4_current_state_binary_tuned.csv,257,117a111f504021d8872e51b843b8d775d47132c9dcc41cbddb2b0c2870916ef0
experiments/results/v4_current_state_binary_tuned.json,24406,4bb7f611d8283cba070d8eb2522a7646d504f405ce5f5583b9e2695c763306be
experiments/results/v4_current_state_binary_tuned_backtest.csv,306,98817367a1b622a0be6d13aa7a5cfb8b684a6b83369d6ac48922c4499616387d
experiments/results/v4_current_state_binary_tuned_backtest.json,45692,967c57d6ab46ef822e4965d33e35bff83f604601872fe58ee88c70a7efe5f2ea
experiments/results/v4_current_state_c.csv,253,858b5fc733147aa8c0a91d25ba10c7e05de14b5be190ddd32c77d9e5b00e6f30
experiments/results/v4_current_state_c.json,42319,c50c52b86b05f7d04c24fa12319f840e93530661c86c29dd7772bb4155103b94
experiments/results/v4_current_state_c_support2223.csv,305,cac99ae12be38059632bcf5bb10cfbb29e48c7cc2b5ac7bc84d3f68fee9fc990
experiments/results/v4_current_state_c_support2223.json,80773,caf6e44ee61451ec5c9b3a61093c13afa1d04029b92b8462b62e09189dbf2205
experiments/results/v4_current_state_outcome.csv,203,9f5b2a21cb0357268cbe9c7527c8e863115dee50dd9f76b42e3edd8eeeed42ec
experiments/results/v4_current_state_outcome.json,22041,3533280343b52e1f2abf7d86d88e8cff38505b0b9a79f78e55b5cdb59a839129
experiments/results/v4_current_state_smoke.csv,202,ee28ae58f47678229e7d02b40d0f3b0ff9c56ec260bfb4ba088c827a5cd4306e
experiments/results/v4_current_state_smoke.json,21957,d0084e56d4c3f7648ebebc164d134a28e9d3ea2920b42969b43a509e0eef17f4
experiments/results/v4_decayed_differentials.json,125619,c0003a9fdcd23a67e39849e8dcea8d1e654ce46b18bbb64e3c7148ffa6db9ec8
experiments/results/v4_deep_arch_r_oof.csv,857,304bf13965ab44c7877c3b9fd0fc4533a8b499937e68c6bf310f6a8ffe2d532d
experiments/results/v4_deep_arch_r_oof.json,65695,050e25c12e0591c5d629bd4c0e0412b8d0621b9f1c8d502e9770796571ce7085
experiments/results/v4_deep_arch_r_oof_screen.json,1801,0d63832ceee581c124a23efe6e661c84cff1cb9e4f0613c51613ec21e9c86ae9
experiments/results/v4_deep_binary_arch_r_oof.csv,835,7db4c64775bfe29fbfd51fedbf00235912bd33c07d02785ab6a6b5de9f8fe69b
experiments/results/v4_deep_binary_arch_r_oof.json,57446,81c7e39f57d73c69c2f2cc9df93a73b53a184bd1507616d90d24c24990863b4e
experiments/results/v4_deep_binary_arch_r_oof_screen.json,1790,db51f4609ddda052a0ad88c4e7212421941a568bad1ef057909e2738c9dc6d26
experiments/results/v4_deep_context_primary24_s42.csv,517,29e8645b3cab299b8a23d5b87d3443cf8c1e260af157112a7da5d9c0c0b88e0d
experiments/results/v4_deep_context_primary24_s42.json,40141,3b30644b6b7c0b7aad7e54642879cf63bd4e1c640a7dde0c83d8e64c5bda507b
experiments/results/v4_deep_mlp_full.csv,239,d3292e70a56c2aa33cb727f5fddea6ea2b66b28331f91f84455a7e370dde9d30
experiments/results/v4_deep_mlp_full.json,17859,fdfd4a5497b10dbd4bdfbe27d2354f3ca8beb7b7bccbb9ddb7185d79a1cb11d1
experiments/results/v4_deep_mlp_outcome_full.csv,258,ae2e4ca05bf4d9a338c5190432d5fec26b7d0c874f244f2e7981a0dfb739294f
experiments/results/v4_deep_mlp_outcome_full.json,19020,a2a84127e5e07c119ebe2659724f736fdebec4308fcc1bcb99b7a70dae99c8ae
experiments/results/v4_deep_oof_stacker.json,13456,7a267a592719c91dd23ae87fd064a775223597c92b40da2febb51fd1464658b1
experiments/results/v4_deep_outcome_smoke.csv,464,215d33aba45b5e458b0997998084922caa8e57bba5f95dfc0f8a4d3ed9935174
experiments/results/v4_deep_outcome_smoke.json,27116,c3fd8ccb7d83e8c5ce38841d275e07ceb7b3777a42325a881ec3bea6099da191
experiments/results/v4_deep_outcome_smoke_fixed.csv,522,2f675e65650a810bb8cbddf40def560538c7480e9c8fd3e7ad737f7d1e048f6e
experiments/results/v4_deep_outcome_smoke_fixed.json,27242,177530121e9e0ba469da38ec53f15deb53f29a9d327f6fd8be58cc3074cb6712
experiments/results/v4_deep_smoke.csv,450,93a03f6935d945cdb581ec9140a3bee84cf6f9d110f35eb2473f68e2b7971fe8
experiments/results/v4_deep_smoke.json,23703,02e313a004e8517d04702f4f840bf425ed6252b4370ab691720382dd7f670a48
experiments/results/v4_deepfm_full.csv,238,00ada230406fe8307c04dfd85f11cebd2bc05d299a55c55eac8eecddd40b829e
experiments/results/v4_deepfm_full.json,17850,96e4c58b5e46d21da3d8a0ee1a5a45ebc1dce95da280f442253421499ce2e31f
experiments/results/v4_deepfm_outcome_full.csv,254,e0fdda9025a2a887999d6127e813f6c841a639a8325801b50b502e05e7402c53
experiments/results/v4_deepfm_outcome_full.json,19001,6eb487a74c6ef8d67290435f22925152095721a94f4ad831a09d1b2941f3ad40
experiments/results/v4_deepfm_smoke_fixed.csv,191,02046b9dc4c77e085623a5ce574114d7115e3915cb42ecb65158f18eadb4e463
experiments/results/v4_deepfm_smoke_fixed.json,16919,00ebd9c425ed665ef6d68b55c6086f44d30d882d0c17eb0d06dba4db56114b1e
experiments/results/v4_distill_routed_primary24.json,3945,2d86c60a6a3b30591d9e4da4bdcec66aa2f2a010710d146736bb498b28f2396b
experiments/results/v4_ebm_a12_full_primary24.csv,243,1ca7f91aeacb1ea5bb0805994b5490f956a3ca75893f98e0ce66d96eedec9d5d
experiments/results/v4_ebm_a12_full_primary24.json,9797,aa673dacff8a70151f73c8854f0d3dd62399c88aee2a2385569102a15f36bde5
experiments/results/v4_entity_profile_smoke.csv,204,a575e9d21bb7fd6f11d67e0765fe279ed62da21f8a9a05af8bd75f4d223f2026
experiments/results/v4_entity_profile_smoke.json,43550,8b6f4dd86a05b0636103f66192c164be5709c8264e705cbe619d2e8251a5bbbd
experiments/results/v4_failure_audit.json,20110,92d55c331ed8c0af7cc28a6fddfc02f461d1ed6441ef0fcfb4ba47251838642e
experiments/results/v4_failure_decomp_blend.json,6687,cbae6cb40e885fa54bedf44b4179b93a8ec0cb33bf25757ce1190d49b8c42e3c
experiments/results/v4_failure_decomp_current_primary.csv,339,cbd24f2d918b0738a91213dbc9bda9161805c081d052626c5c25e0cc6fdde363
experiments/results/v4_failure_decomp_current_primary.json,39856,57c09e2e0633bbbc032e8b067c1d6ebff140cd06e3f3bc472c9cff0b218855d8
experiments/results/v4_failure_decomp_current_support23.csv,208,5eb3a948852780bb483e2b0d4d24420d0d82fceef8274c0909c805bdbf611451
experiments/results/v4_failure_decomp_current_support23.json,21419,a78fe540101a3fd04ee55c3ac85b59d808e7a31fa602a07ef88fbfbd1c71bf24
experiments/results/v4_failure_decomp_smoke.csv,191,14f7f12c71022dedf3d4ba8039e497de99e33a18beb16a7584c70ce350b0a7b7
experiments/results/v4_failure_decomp_smoke.json,9917,042faa3dd5521a66292fc20ec9f35cdde1724d859d5311d59a4b25f68946807b
experiments/results/v4_final_calibration.json,17318,2b9b4e552649a1ab11690dcc4a127f5c171ddab44435369862b93edab12ce2cb
experiments/results/v4_gated_hier_residual.json,3941,48a3f128d59c99a9cd83c3e8cca0134a3cbf845cb22e78b0e26cb19a0af70060
experiments/results/v4_gpu_bayes_temp0.csv,254,1b6d8c73b47f1106b136ad50792c3e9a4d4f615059582b6904c1966b71932c15
experiments/results/v4_gpu_bayes_temp0.json,33162,329aecb5cc049dd8c678c4e9d742274fc5af0ef4cdcc56baaeeb1afa17f3e09d
experiments/results/v4_gpu_bernoulli08.csv,254,c5e211f7fa70b769c825ad6d838228246ae4991ac36d2786e85d7748700a0fd4
experiments/results/v4_gpu_bernoulli08.json,33221,e2732d3aff835a08a705a67131124bcdf2de250c3b915bcc76b49ce13f090ae7
experiments/results/v4_gpu_ctr2.csv,246,7084f14c836f044fe6c7f493416ddb0d62ed250d8ecb0aa65451425e28a11231
experiments/results/v4_gpu_ctr2.json,33170,290c4cb568a25e14eb5f4037e61fb77ec7743d77251296d8ab4bfceeb0a93f86
experiments/results/v4_gpu_d5_i700.csv,252,1ad56b538d67782a3646feb3762a4cd455d086e642ab6cfc7d2563fbd683db16
experiments/results/v4_gpu_d5_i700.json,33027,805b6b1527357f2fea32cff62300465754cf687b1e7f2c4e29ad4dd1c8b87216
experiments/results/v4_gpu_i700_lr035.csv,253,f6d555eb4396402ca2114bf0a5856f76428ee53d085385915513265287bd8553
experiments/results/v4_gpu_i700_lr035.json,33141,c92b6e06d53ed8b9f57499838ec99476d678ca3ef0e2bc28309d766c61b909fa
experiments/results/v4_gpu_leaf5.csv,245,52da01c3e4e05fa957344a8bf3a92bac89e3fd69c20eceb84a0ec408c819fa9a
experiments/results/v4_gpu_leaf5.json,33151,37b6d1956197d4f42b43b4c0a457768d732c9c680a939249fa6b725f4bd82e18
experiments/results/v4_gpu_random01.csv,250,85f8076bf645c91a00a0fb226aba8ad135e684d347c03a2024810e96c1d91adc
experiments/results/v4_gpu_random01.json,33162,ab97deec8dd47caeb352d917f55422748c29cba86ff7882a887a9156d3fbde71
experiments/results/v4_hierarchical_pitcher.csv,257,35a84e8a1e9431ad589b5a9fb154924dc91499e3528dadfc439c0408490c73e8
experiments/results/v4_hierarchical_pitcher.json,37408,47987fd58ec47778d51adacd833c5c653384254c8bdc9c81825ab4e24e9dfa7a
experiments/results/v4_hierarchical_pitcher_batter.csv,261,34203713de04782edc50c941833ef9e77a7ac1cd01e62473abc0cb22ceaf762a
experiments/results/v4_hierarchical_pitcher_batter.json,41563,2b46dde39cf2c83db23d4c08249910e0cafd1d9280f101439998d8ea1a1b12c6
experiments/results/v4_history_pitcher_count_k100.csv,265,38705b86dd6be1a002b2558933ff14fb91b8b7415090ac4c17b24bf014cd24e5
experiments/results/v4_history_pitcher_count_k100.json,35475,ecd04c93fedcb681b7d48187326be924f8d7c7c4bd5af144208a6c8dcfe6d220
experiments/results/v4_joint_neural.json,11977,c6d03bbd97f6b04d53bdc21becd381d6384b8dbe1b35f9c598dc104e5b3256a5
experiments/results/v4_joint_reweight.json,16114,098b1da6f4d742456063063c107c5906544f1f24bc1aaa4c255cd88a9d1f1eb0
experiments/results/v4_leaf_refit_global.csv,242,920fd011114a192d798cf4a9f277b4bf7ad760d077cc123604b3fb095bb694cb
experiments/results/v4_leaf_refit_global.json,17118,783566aa66995c7f913dfbfb4f51906c1ba839c247eb8cdadb10893c001661a1
experiments/results/v4_level_effects.json,55277,a2a2044990111333244e06ab98f0792224541ecc7c4fb78924539d93b3dc7673
experiments/results/v4_lgbm_fixed1200_allcount_batter.csv,240,b14467b0da228a2cef1ac0087cdf80fedaa6396f349161dd7f9452ab26e5105f
experiments/results/v4_lgbm_fixed1200_allcount_batter.json,11743,8805055ad1962792af46e85fcbb3f1595609da55a096cb709425674b85649394
experiments/results/v4_m3_a_backtest_2020.csv,201,3a0f57f32ff2c05949ebbd8da5bb39d81175138cb9e1e8bf13cf1a909df07d40
experiments/results/v4_m3_a_backtest_2020.json,36945,2246e49d663c11ac5a2ca868070a132c5d4fd2e44160b9a8053ec44aae97739c
experiments/results/v4_m3_a_backtest_2021.csv,202,58d481060dd5c700e2036299771c4760a9bebb336614a4904ffc577c338b8309
experiments/results/v4_m3_a_backtest_2021.json,37300,81f63b66640fbae8b2755878009ec266906088f4fa73c6e886b41027b6a9a4e5
experiments/results/v4_m3_b_backtest_2020.csv,201,11eb7b459293e2fed71819c2d304a49f8ae3b8b0be095a6336551c6341ffc9d4
experiments/results/v4_m3_b_backtest_2020.json,32466,15f764942bfd302163b5987ebcaa7d25cebe81dcd806a6798f05258247799e25
experiments/results/v4_m3_b_backtest_2021.csv,201,14beb3ef72fa0c36c87e4185d282091aee2d2680cffa8fd9995e5afc8ffa2ae2
experiments/results/v4_m3_b_backtest_2021.json,32836,561c49962a29bdba86e30445de7274763e18b9eab1422716bfe3154b17747e61
experiments/results/v4_m3_c_backtest_2020.csv,202,f7e450270857f72f18ce08f76cb8d46a5cec66166fad85493be542bf533fd838
experiments/results/v4_m3_c_backtest_2020.json,33093,ac78f804e28b0bed42d5b8ec82f4af2c4e28aa4559ebac7cf6c446b9d1c3a44b
experiments/results/v4_m3_c_backtest_2021.csv,201,b4f7ac18cd9c5d6b1235ef4c844d291b689bd0bb4b8dc684b83863a687899790
experiments/results/v4_m3_c_backtest_2021.json,33398,2bc9130313594d539b80520ecc36f7f3437d88a714d0d68e69e19150dc2f4a52
experiments/results/v4_multi_brier_c_raw.csv,257,a843108c3ddc5cdc345e56ec6f761c3e131a43ac66d5a6b286402812083f53de
experiments/results/v4_multi_brier_c_raw.json,33409,dbd39f9883f20d6d371128b0e3c22f86dc46712efc1443fd59ec04c3dd8008bb
experiments/results/v4_multi_brier_c_simplex.csv,262,20ecc2e78d9e33dab08ea2f43b26fe55c6a0d4fc8c651ba46cae30d4204a77db
experiments/results/v4_multi_brier_c_simplex.json,33392,9e5f9fd9f60d74e70d123270200ef336ca74d0fc5064a2e5ac940fdd9d13e519
experiments/results/v4_nested_context_constrained.json,102764,8eb33588eb6c41e0442979478d46252e2161cc1b3ec640c0eecd7d04125c4034
experiments/results/v4_nested_context_expansion.json,114358,1dcf04f64b9b7c16fcb10f34d199c35372f9ff7433c952d17aba062cfde8026a
experiments/results/v4_nested_deviations.json,90949,0ee08f33b75497b4a89bdee1a3a9bf6568b043e0101f37459cb1c116ba466839
experiments/results/v4_nested_direction_stack.json,2205,f834262e6903009122addf67b6024481848370be196cc37d6486d66f481ca6d7
experiments/results/v4_neural_multitask_residual.json,15385,5b9c7ca6b79a6888c4cff328a37ba8ab734ba3c11906cf97198703940ec7aaab
experiments/results/v4_neural_residual.json,63789,2dce2b8286634e17f40f2840dd899ac1e7ced127532cadda60599ac4ab6e6ad5
experiments/results/v4_neural_resnet_oof.json,3437,e9bba47f3d3e645f21469987c420068bf92c5d0d9cb4b825d1055a720d313c23
experiments/results/v4_numeric_cat_ctxlvl_tm_recent3_oof.csv,319,9651914b06625fae34881baf1c67fd05bf7e37e629134f4690e27293f2cd72c2
experiments/results/v4_numeric_cat_ctxlvl_tm_recent3_oof.json,53429,963e847065a14434df537ba2236a6ace9f7b330bfb2ca8937c2238d95fa31f8b
experiments/results/v4_numeric_cat_ctxlvl_tm_recent3_oof_screen.json,899,733484758564f6ffe7c4d6e4a667619c4f0573ce59c3fe46fd0b7aa5b8916440
experiments/results/v4_numeric_cat_ctxlvl_tm_rfit_decay80_oof.csv,342,ad3bb2c0c7ee1bccb0da9282d6f16a6f1f95d747ed3cade6a843ffaca769d632
experiments/results/v4_numeric_cat_ctxlvl_tm_rfit_decay80_oof.json,53434,b12ce42fe51b97347a03ab7149113c1a61a329b46edb695d4d551582072436bc
experiments/results/v4_numeric_cat_ctxlvl_tm_rfit_decay80_oof_screen.json,904,1ac96d7b3d06fe81b3177e2449f3a16d80d68f60c573dd69b615504d85dedc82
experiments/results/v4_numeric_cat_ctxlvl_tm_rfit_oof.csv,326,90f5f33bfeade493ec40b84e8542cb3dd64d40fc1241e4da6a65dcbd34e13b89
experiments/results/v4_numeric_cat_ctxlvl_tm_rfit_oof.json,53357,3c6dc0ad4b6b052bfa5d6736ab4a9069dc7e3bbf81d7542775990135b3ab7646
experiments/results/v4_numeric_cat_ctxlvl_tm_rfit_oof_screen.json,892,bf8630c4173a263878de76875319b3d6f69afa899952123812b07f4b4b189657
experiments/results/v4_numeric_cat_ctxlvl_tm_rfit_recent3_confirm.csv,225,e9182102da90cbfe3d24675bd2f0c1ddfb20adde28bcd8e0d825264c064c31ea
experiments/results/v4_numeric_cat_ctxlvl_tm_rfit_recent3_confirm.json,28150,7cb0c3fc0a2581fb9c1fdb1a47821202c76b974e9ffd625ad57b3b79bb21c322
experiments/results/v4_numeric_cat_ctxlvl_tm_rfit_recent3_oof.csv,342,608cea1848ecf4e52c74513ca86d719a8e9c4a897547b75bb2c0b9dce183efa5
experiments/results/v4_numeric_cat_ctxlvl_tm_rfit_recent3_oof.json,53372,ba49dac19ede0b38c093fe29ef4a1cfa1f42afe7419796a39cb3c74d0ec8d1ff
experiments/results/v4_numeric_cat_ctxlvl_tm_rfit_recent3_oof_screen.json,903,d002659865d40178d055d853476fb016c4693dc0343cfd68215beed4a6b254e6
experiments/results/v4_numeric_cat_current_context_level_notm_seed42.csv,465,b0c585f45b0ad07b7801e4b18e034bdd81c687b23183b068edda4c621cc523fc
experiments/results/v4_numeric_cat_current_context_level_notm_seed42.json,68093,47ea0560c79e91e71a29f397c44b6567c384ea75a71c4e67221ed3526f66351d
experiments/results/v4_numeric_cat_current_context_level_tmctx_seed42.csv,470,d9c7b55352104038b7bb2042f1a05aa01b41b11e2196f729c1eb9b085b95a95f
experiments/results/v4_numeric_cat_current_context_level_tmctx_seed42.json,78427,51d0cc4a541f289d441a621fcd11390e0d7c086190d08cb1d40a79b2cb160c1c
experiments/results/v4_numeric_cat_current_context_level_tmctx_seed42_early.csv,371,5e5bfd037c3d7131e4cbd614c9a7de17fe5b473ec9d5fa595bb110f5aa4698a2
experiments/results/v4_numeric_cat_current_context_level_tmctx_seed42_early.json,53276,dadc3a0772428245e8d162b37ae914dbc5b19d2e78a325251bf082ba3a024470
experiments/results/v4_numeric_cat_current_context_tmctx_seed42.csv,455,8d72bb727c594a0b59430c1331ead8c3d7e2ad8b0d8931674b3d85298d33571d
experiments/results/v4_numeric_cat_current_context_tmctx_seed42.json,74600,0505f83d5b336fa56376761ac03c4be9b78491448b2764d57a11326d4362b43e
experiments/results/v4_numeric_cat_current_tmctx_seed42.csv,430,2b8e89f1ba1381f3bed02e7d8b7f683c962a425f7a6a91b0a1aab077172f5703
experiments/results/v4_numeric_cat_current_tmctx_seed42.json,69118,0ef493fec4d9151450df844496f0ee78c2f2eb27c4d19006596925564fb46634
experiments/results/v4_numeric_cat_nocurrent_tmctx_seed42.csv,436,61978559cd8bee7d701e141e9d9456cdcd5231885de69cf460f9e57d1b64916e
experiments/results/v4_numeric_cat_nocurrent_tmctx_seed42.json,49525,cc39589d22f3a025e990fb7e8fbb366c77ce5637cf53bcf01ca6fd2eff02dad5
experiments/results/v4_oof_direction_catalog.json,80965,3e285bb6584dad16a90021852b27d5324cbf17511361818b432c058bc2c7efda
experiments/results/v4_oof_direction_locked.json,1903,640d4c739c3cf20c6c2ff908dbe21ff17e98474f284679b39edc88685a12c078
experiments/results/v4_oof_residual_catboost.json,7421,bf6c8e316db4d3c96e57d2c2a589a27074924bc41b8e41c4e3338fcf036bc0ab
experiments/results/v4_oof_residual_differentials.json,7220,5ee14c55d00ed592084ed71de3b09053f626e7d3388e44a617b8fdaf5d5c0d97
experiments/results/v4_outcome_a_components.csv,396,54b97a6996e498d1ac7f71dbcd255cf2310c5d0c9feab9a198c7890118f28769
experiments/results/v4_outcome_a_components.json,104605,877af562eab2d64e90b170804f296b4a66411c0c7502d1757dd66c912ffdf151
experiments/results/v4_outcome_a_current_full_backtest.csv,426,e883d52274b37e42b4a2761d84a959eb4d3908ebb61191cb660467a2c438f883
experiments/results/v4_outcome_a_current_full_backtest.json,85344,91bb6399f231ff2fc0553310ded9a8b6dca53244537a1b3bd1e418c9b5515884
experiments/results/v4_outcome_a_trackman_stability.csv,264,f78608551d90462910380c2b14be2a3a2f10d1efc6feca2497fdcfa9d5fc1a3a
experiments/results/v4_outcome_a_trackman_stability.json,42773,de40b15acdc0bcbd4e73715a0fc5ca5e11eba403dacc3490da02c2e3760c583f
experiments/results/v4_outcome_a_trackman_stability_backtest.csv,326,d52153a6401f1886c4b57e6825d998efb2beb83c8cc416bb1ef5d3317042d927
experiments/results/v4_outcome_a_trackman_stability_backtest.json,80857,e447d1a703b7e1012818bc82353294c198400bbc62edcdfd67081e7e268379cf
experiments/results/v4_outcome_all_call.csv,253,823be5b2e17eff8260993401503f75f51635b2b5eeaa193ab2cb169311df00e8
experiments/results/v4_outcome_all_call.json,34214,82a77ec65a7149b98846e10c580c15a6927ca72fc0a9c44e8c0ed9408b4f5d94
experiments/results/v4_outcome_all_call_components.csv,305,757209d17930d9ef79b249fd0dc5b2c64c3c53432d1eba859758e20dbca77000
experiments/results/v4_outcome_all_call_components.json,64011,e394128a23d912d6b9dbf8acce70ce55615de5899b4d3dce101eaacf6385559a
experiments/results/v4_outcome_b_current_full_backtest.csv,428,b21619a2ee9859c802a743ddeab97e18ce4cbd2aea617ae563545057312eb363
experiments/results/v4_outcome_b_current_full_backtest.json,80935,90c96b2af5a2b50e8a176cd52464ecbfa7932e64c34aa1a39acfdb4fd6c3fb82
experiments/results/v4_outcome_b_trackman_stability.csv,268,4b378e441cd11125fbe38d16489498c15939198f105d71b4d10cfca23fd4ca46
experiments/results/v4_outcome_b_trackman_stability.json,38775,ebdf1f9ca65f0fa6b7f058192cf9e224c87b34cf6721ee8b28daab2f81f85730
experiments/results/v4_outcome_b_trackman_stability_backtest.csv,325,ec5a480fc5418e3585e08ce4d922f04b5468355c264e095e29511e311fc538b7
experiments/results/v4_outcome_b_trackman_stability_backtest.json,73591,779098ddd7e6db3e5fc52e4b0ef4691ae9c8c3d47cafb1f443127ff056755e02
experiments/results/v4_outcome_balance_latest.csv,262,e70aef15f25b785dd5e3dabbdb8355ee30a5d98be92bb7a83fe6a6e6582db398
experiments/results/v4_outcome_balance_latest.json,33786,7fa184ec55cdeee8b924b0d0b68bb4ffa2248ad3132ada02e065e8f44f255ce7
experiments/results/v4_outcome_balance_latest_type.csv,265,8e090f90d7901b424a90e0058be766e5facceb2feafb0520b82e205b7358dec2
experiments/results/v4_outcome_balance_latest_type.json,33961,f4b8c04ee3b3a91f4c9d2904377cbad6176530cbd382b07cf04e9ed7ad19484e
experiments/results/v4_outcome_balance_latest_type_support2223.csv,331,6ab36b0321bc647515e02ea01d7962e5f1fe9e70d458856bb2ca51bd3b96373b
experiments/results/v4_outcome_balance_latest_type_support2223.json,63834,3892a21cc78106f4478c2fa7e98106d44006352553096380e5bf2094bcd3e979
experiments/results/v4_outcome_border254.csv,255,9659bc0b849d07718e4d90ff609d070146e9b18abf27a11aafb3d950beb33232
experiments/results/v4_outcome_border254.json,33359,b296a3186970df3675d2750ee6cf89ea70cb59c05bfbd90c50121a9536237fa8
experiments/results/v4_outcome_c_current_context_level.csv,427,7a6239892f27179456f569429e7f8f1602615809dc70c18dd97d74f25296b78a
experiments/results/v4_outcome_c_current_context_level.json,127696,c0c2644f770b6d0a9621943e93c586c9d94140d4b51c3c11821d7379fea693af
experiments/results/v4_outcome_c_trackman_group_stability_backtest.csv,450,af610ced9661b836283ec221ea90a531f05574f5c8d266e07ac6714c47b18867
experiments/results/v4_outcome_c_trackman_group_stability_backtest.json,75058,eca729166dc84d769951a66515f36e779316a3433d56ab30d9abe3945ff9f437
experiments/results/v4_outcome_c_trackman_repeatability_backtest.csv,447,797b61ace22acf3ae7b6add863e6653acfb5a76c20e8c5b39a765405b53ad940
experiments/results/v4_outcome_c_trackman_repeatability_backtest.json,71036,217c823aac00933042fa37ea39a3db5f178bc0b60bbba0694d3eb79cf1fe4a24
experiments/results/v4_outcome_c_trackman_repertoire.csv,268,f45e0cbda0c15ebcbfe1178f0a7ea40ab3450c296a9a890b8064b8ba11d363e5
experiments/results/v4_outcome_c_trackman_repertoire.json,37251,943802b5d7c4fe54c51b413efecabc2ce0c8b93894e2e76e5aae9db7dbb5aa81
experiments/results/v4_outcome_c_trackman_repertoire_backtest.csv,443,efb9a35c6a0d8182e589f37ac25b86cc45e525c46e38fbab7ecb98e19ebdd873
experiments/results/v4_outcome_c_trackman_repertoire_backtest.json,70156,c9202ebd4df9871225497e0e3913c632e41c642625a841e7d661afda789bb116
experiments/results/v4_outcome_c_trackman_stability.csv,268,dd018025d54d7062e26de3f3a1a459a0acc4a955b3609e0b04c8f9c667ab82b8
experiments/results/v4_outcome_c_trackman_stability.json,38740,5d82165836942c9fb1cfdc8a21bd91eaeeb26cc7b3a142b5d58406f94125f65d
experiments/results/v4_outcome_c_trackman_stability_backtest.csv,440,66a2f4292edaf0455f827ec7d657e26e8c13a88ec3854eea3bac83603eb966e8
experiments/results/v4_outcome_c_trackman_stability_backtest.json,73417,acae8265164afd99db71d0df1f5b3a738fab9c080784cb53880906b9906e0a52
experiments/results/v4_outcome_c_trackman_stability_group.csv,273,740fb71a340f318c4a521834e44616574e3ae83c2aa026519787357e5bb25dcf
experiments/results/v4_outcome_c_trackman_stability_group.json,44592,f2dcf5fdc51a7ce0b73aabfa3761c56f10cb457f1afe3fbb3c817117f6f85874
experiments/results/v4_outcome_c_trackman_stability_group_backtest.csv,452,89e21cf68c348c11a7f434f085224335ab4f20a3dedd00b5b4354359d3da87dd
experiments/results/v4_outcome_c_trackman_stability_group_backtest.json,85136,2b429ebf6341baa6e60e3950b00ec11e3372daaa8186c3b23980fc641ebee845
experiments/results/v4_outcome_c_trackman_stability_trend2_backtest.csv,454,32c784cb7322c383704691d26599fd97d4bdd80fb9cceabeee7cd528bf1ddad6
experiments/results/v4_outcome_c_trackman_stability_trend2_backtest.json,81807,87cb19e2930b9fa9da97e815ae190adeba181ca2302f819a40df24fca0525b35
experiments/results/v4_outcome_c_trackman_trend2_backtest.csv,433,17ede8d748f44108f8c1d92a900a811d6c5fcc84408b9b61aaff17da058ebb73
experiments/results/v4_outcome_c_trackman_trend2_backtest.json,71996,ae26673dcda52a5000e5ba7e1eb4b36cdad7fa926f1fbd81a36999db80da5c12
experiments/results/v4_outcome_component15.csv,259,d8099ab07cf6b4e7ca01b6926d81c9780a95e117665e95748f33991a435b5847
experiments/results/v4_outcome_component15.json,34490,70ff095bb20ac268a51280c3def46f21a978a96f6e00c28c409d79f4345dd617
experiments/results/v4_outcome_component15_current_primary.csv,336,6d3211a43d1dd27236d7a17a455ecb0cd880e46bb51d9bc274e62ef5d3f52a49
experiments/results/v4_outcome_component15_current_primary.json,88103,a2500b3550d3104b9be0500680267e1522eb1e6c445e8f4746c5acc4b448c2e6
experiments/results/v4_outcome_component15_current_support23.csv,205,41368215d85ec31c922a904227e9816fa760211dc89d3f3ae0ed93bc0b204e00
experiments/results/v4_outcome_component15_current_support23.json,45447,fe76a299af55c1607ecaeae84c6b0243a94afbc9d1c53de2ac5d3e62bdb70817
experiments/results/v4_outcome_component_reweight.json,57721,c5de8cab096decda87179919c013efe021466fe18900013af28fe430061f727e
experiments/results/v4_outcome_context_current_primary24.csv,435,4f4f6e36cf9ec2185af50325c0168566b7e01d7c58b53ba273d1a76df7e7d126
experiments/results/v4_outcome_context_current_primary24.json,85193,70778ee8ea8a776d477c1974f6e43b79f2465a6e361a580823be08dbc5585be7
experiments/results/v4_outcome_context_current_support22.csv,264,4e743efaaf05c8145b64d28a0a699eac4b6e7645a63129b44c608f58922602c7
experiments/results/v4_outcome_context_current_support22.json,54027,a86d25abe7b2c1c002e16266d2647b2edffa77a1da9cf47f93a315ad34042e36
experiments/results/v4_outcome_context_publicparam_primary24.csv,276,b312da15b070e4ef1e197c8be72b6dcf14654f1f87d92edf08675037859bde73
experiments/results/v4_outcome_context_publicparam_primary24.json,56356,70bc2def8e1d8b977c54247f22ee68b0399ed197b4b25066c196db58acc0559f
experiments/results/v4_outcome_context_publicparam_primary24_support2223.csv,348,dca2edbbb561172be7bb76de9576c569b329beb0632800dbae944d332e15a586
experiments/results/v4_outcome_context_publicparam_primary24_support2223.json,106447,c123d1257a94f25d5920aa609531263968332559c297f04452ce11fee46c17b8
experiments/results/v4_outcome_context_smoke.csv,197,cdcb9ba8c56fe8292a3ceaa77024497a11dbc6f4e86e00790379740bf0181d27
experiments/results/v4_outcome_context_smoke.json,25384,ed24efd7867cf5258b6bd90563075ae95eefdbaae11b11479764bfde75bebec8
experiments/results/v4_outcome_depthwise.csv,255,b50859a19abad760cb8a9023f9b767e5ded2ed443f4b6958959d06e6bb4d91d6
experiments/results/v4_outcome_depthwise.json,33878,f783c809d8de22684a5fa2a466940eb361ae502ba4c5f2b04e3c0cf1a189ca23
experiments/results/v4_outcome_gpu_matched_benchmark.csv,212,61d123898ce257a3415a747af52c2d89e07f0aa74d73dc7379383d25156b1b1b
experiments/results/v4_outcome_gpu_matched_benchmark.json,26792,5a635ee1bcfc95489f4ee5833000b42361cf6ceecb9bd02cae4d520ca9f63871
experiments/results/v4_outcome_lossguide.csv,255,4f73fab7cc6eec1625b1943b06e1d911d39b8a63a5a1801f9f6ca0a4b8b91d77
experiments/results/v4_outcome_lossguide.json,33947,d1d967f295f3b115021b276c26f2cdd6c38bfb6c007b75ec1691b2936145201d
experiments/results/v4_outcome_ordered_i100_benchmark.csv,268,5a26905caf8967ba766cee72cd0f0859c43fb2f45a8e00547d6824e528c1a7b3
experiments/results/v4_outcome_ordered_i100_benchmark.json,27006,1e2dd503c98bfdc480328451216b494323ad6451e0feb827fd55d3b8a25d4a38
experiments/results/v4_outcome_ordered_i200_benchmark.csv,271,ae020afae1633e466921114c7a5063169278983028f86223ad1ef967a7c11d0d
experiments/results/v4_outcome_ordered_i200_benchmark.json,27174,998efbd23da7917a51488ecca770bae1d39f9ca0d19845ab88fd948661e01507
experiments/results/v4_outcome_ordered_i200_d5_benchmark.csv,272,3ce8d1899d8eef1580bb349dd1b70807218dc6c35ca07699f0bd171b90063829
experiments/results/v4_outcome_ordered_i200_d5_benchmark.json,27101,26d1865c7dd991670a83abe6b260038a9c203b32406f0b78d50807a3c36fe6d3
experiments/results/v4_outcome_ordered_i200_full.csv,263,da0ac12d6c673571b8af1ab887e4bacd7f3436cebdc03ecb2d59ba2e54a37b78
experiments/results/v4_outcome_ordered_i200_full.json,27054,67994e87016e82e7367447841c005e7a34d309fe559d333acd776d08ef6d5264
experiments/results/v4_outcome_ova.csv,248,f5eda5df477bd7e59919195db1d129c77ae93a39b68ca07f0e8bf19c41abb58b
experiments/results/v4_outcome_ova.json,33352,a1ebc7bd49ccf2e472e7250b38182aa12f345ff88571a6732a97a43880ed959d
experiments/results/v4_outcome_ova_support2223.csv,297,7efdcde7c719c374392b450b8ec17f545b12d60d5ebd048fec1c611a0b1453f1
experiments/results/v4_outcome_ova_support2223.json,63329,c375262bef425c520fd7241f79602bf515d6bed191a993ba43799946caac6318
experiments/results/v4_outcome_reverse_type_trackmanrich.csv,269,24395f1fedc03b27ef2753a8d2e7af3d1507b0a43749bd0f5c94022df36f4aa6
experiments/results/v4_outcome_reverse_type_trackmanrich.json,33152,a1dae2111a6d181564608d6eaae74245c140d1d7b26ff8543613739275322a5d
experiments/results/v4_outcome_success_call.csv,258,bb19bb8d84d240b5e5ae62b604e3c4b92ffe9e138573fcbbb762cf8455a894b2
experiments/results/v4_outcome_success_call.json,33692,3746ffa1dc1631845249862337068653070674e7b1daf463124b1c4537d88c6e
experiments/results/v4_outcome_trackman_count_core4_k50.csv,271,a87a17cd7326973545d59e4bba302019a22ee5a38e65665387b919809264fbdb
experiments/results/v4_outcome_trackman_count_core4_k50.json,35210,331088db7b070f1998142762d8d26fbc4a5fc4418444047379f5fc486ab5210c
experiments/results/v4_outcome_trackman_count_core4_k500.csv,272,45c45d83657bf8c02df53ed976a5a7d2f7ce26b58bb0b31691be8148914a6765
experiments/results/v4_outcome_trackman_count_core4_k500.json,35220,16699b9506184ddeedc5ed2021e102323c5ab32ee4474cfd9034568e9dc74ede
experiments/results/v4_outcome_trackman_count_k200.csv,264,b632132e009e7c2abd5df8b5579945d882ad25f6212ef0676b5cdc20b7b52bec
experiments/results/v4_outcome_trackman_count_k200.json,35478,7f01e3cc058a3c4e614928d3faabcea348702235abbdd9aee109e9d3ec799e73
experiments/results/v4_outcome_trackman_count_k200_support2223.csv,331,84dd7891f0fad3a67c9ab27d6f06cc9230258034e83b8524648f27a84232b26e
experiments/results/v4_outcome_trackman_count_k200_support2223.json,66669,dcc0a3784dea7f8e7c2622cb3f6f9cac2fc5a410129b16ead9d9ccdf887b7823
experiments/results/v4_outcome_weight_failure.csv,261,2f473c08422f86041d5c07c223480623a8a9418245943d66c26b984e47d82a9f
experiments/results/v4_outcome_weight_failure.json,33866,a59ec22832d7a404c0976d2ae3c3910da9e97848faa260a6dbd28b6e30981d80
experiments/results/v4_outcome_weight_success.csv,262,f75bb69ed03100a18a66d06bce1bd12d92df3b0a95316a4233db17a11a8b5aa7
experiments/results/v4_outcome_weight_success.json,33851,c5d3b5f746f53af95a38dabb4d5c0c479892214d9fbc7865f06c8badcbce98b7
experiments/results/v4_pitcher_context_profile_k100.csv,266,d8134e431f1ffaa87775220641de9b5b97647d2bbd4aea753bc89fe6c63b9e95
experiments/results/v4_pitcher_context_profile_k100.json,41652,c5af24f1ca36c8cf7415d5d6d36e6aec773e303233ebb43a94286cb3b1b640d4
experiments/results/v4_pitchtype_failure_prior.json,76184,627aa62a98b0c68edc96bc66afd30d7b217a1cb0406b52b1e594a169271fa3ff
experiments/results/v4_pitchtype_failure_tagged_locked.json,6738,6c83ebc725b9a78966bbf6cc91378cc4c59ff31bfbbbf9627932f9a82d71decd
experiments/results/v4_player_state.json,24564,087a024bfe5efc4e8b3b8d2567ea878909547954ebf6b4a3f944fb39eb040227
experiments/results/v4_post4_c3_axis_screen.json,5831,978f62a67d529aca205d93d533da4459374518818e620efa0396b903e02e86eb
experiments/results/v4_post4_c3_joint_axes.json,7253,f3e52de2639665ed7a0866d64c78178ff7e3567fd39bf58e2374df6597cdcee0
experiments/results/v4_post4_c3_source.json,3411,8f49798e29e7d78776ae6b99738f2663c131f84977d12b23153f4cc06128334c
experiments/results/v4_primary2024_sparse_stack.json,11059,1977a6efefb018ae7668a8884ab1b8382ca85bb7507d490ed7117c88abb28fe6
experiments/results/v4_public_detail_rebuild_s42_primary24.json,3785,ab3a5b7527ecc3a2f381164bfdf681c07039f14f54a97131a605ec78d7e9836a
experiments/results/v4_public_residual_postprocess.json,36297,2d25eb2ec50d8f5f5c7bda902a06ee3c7a6818c9c21cb94e47f461c95306cf82
experiments/results/v4_realmlp_binary_td.csv,244,f02dca24a656d40d143ccf43b073c51cf4c3c4c5076fa347c50ecce3d54d4dd2
experiments/results/v4_realmlp_binary_td.json,17254,13042c5990c76ab995f089d2afb6b204669aaebea1df509a5dcf15cb087a38f3
experiments/results/v4_realmlp_outcome_td.csv,238,46561dac48e6e1b052e1f42206bd2f995572bf2096e5f5b646681b9b2aa91ed0
experiments/results/v4_realmlp_outcome_td.json,17341,5298659de601990f2a4c1171e1c21a291401c9d2d021b7e0ec8f221867a262fb
experiments/results/v4_realmlp_r_outcome_oof.csv,277,dcad6fd05386180106be7a8baf957d24fbae9405f910e032d382d8680bfec930
experiments/results/v4_realmlp_r_outcome_oof.json,39631,1a2fc3b636c31fc1d34d7a8f42754cabd912356de64a4b499b3178785e7448ca
experiments/results/v4_realmlp_r_outcome_oof_screen.json,863,db71e9b27d0de1f8f640a2b95d12a0c98f0ed5caa228514e7b0aea855a65cbb9
experiments/results/v4_realmlp_smoke.csv,341,4a70e3b9e7806a29865ea656ae733cf76632d81f01ab5ae1ec8642416744b70a
experiments/results/v4_realmlp_smoke.json,16330,896e567955f68f8d1936cebcf9126e6d4b4586784bb2042a855b39b9d5702d0f
experiments/results/v4_recent_form.csv,247,d40e2e0b902e2af8db86af411e500415e9cc4157ac0cd97fed052c5485d7db97
experiments/results/v4_recent_form.json,36503,ccef919d9aa63d08d707958ae5cb5e09ef028cbf8e263e8abb6a85907cd04836
experiments/results/v4_recent_form_count.csv,255,d323812d6d14bd06229596ae8aa692632d729b7c07ba843ca46096a8d6746ac7
experiments/results/v4_recent_form_count.json,40372,f4237e86cdcd8e2e4da63cb83c0d2dec5780c482d56e53131c32f7f766cd72cd
experiments/results/v4_recent_form_support2223.csv,297,66098bb4376861d82a2178de3da1c885acb6169f105c986442bc86ce9b74c3a9
experiments/results/v4_recent_form_support2223.json,69633,deab8bc35b5b3a15676cfaeb2287698049ffc7a8cdcc88c0e308ffd3063835a1
experiments/results/v4_recent_r_cat_stack.json,1461,24016bf3acae8d109462ee1d339205a7ce2501b022d17b66572310b16ef3be31
experiments/results/v4_regime_expert_f_2023.csv,189,8e3a266e3ef32fdabe1f554dfa8c804242285068d8448d51b8241eb5fec8b078
experiments/results/v4_regime_expert_f_2023.json,32616,bcc84049b784ec0e9a6b38e7b5b78c43b40f83c9a7dff72678a8f5b57f2cdcc8
experiments/results/v4_regime_expert_f_all.csv,187,e4c061c69822ca542a3f9e4c6188c1e02fe3861db58c978a3134e3b1801f2253
experiments/results/v4_regime_expert_f_all.json,32711,8a4b4b048d68eab4a8e5df7750ec2c2652e5c1c48a7ddd5638ef1fb8d4709683
experiments/results/v4_regime_expert_f_all_support22.csv,249,8a5f1dc34b6bd1cadc23c141c2491e0be9341cba8816df2136f2297fa162a37f
experiments/results/v4_regime_expert_f_all_support22.json,33773,070ee1c16c3d28ea79f17461a9be6483fe5bc758eb1fd3f2088490f27382fcb9
experiments/results/v4_regime_expert_f_all_support2223.csv,299,29524386e7622ca928a767e455dffd435df8b549c18374f51825085fe1c84e72
experiments/results/v4_regime_expert_f_all_support2223.json,63289,2c9d4f273db3c302ccd1f7a89382990dbcabe3e6587caf41507240377a2f5b09
experiments/results/v4_regime_expert_f_all_support23.csv,198,05b96ddc6c4a152cd5e505bea6f742f25ca926c4e1ffdb910429f383ecd7a91b
experiments/results/v4_regime_expert_f_all_support23.json,33533,344b2a5b5040b1b926ab89b9c498adbf26f7806e5448fd958590dfaa49f63f35
experiments/results/v4_regime_expert_r_all.csv,202,0eff2bc0fe443fa5e9be412ae1da87bc28b12f714fd17188d679469462543614
experiments/results/v4_regime_expert_r_all.json,32736,096adf547e6008a0b73474eac19cbc7d8aa173029a6ce5cb4e6e1d33e0121e1f
experiments/results/v4_residual_effects.json,33967,886abd00b12e14368efb8a83909fcd7732ec867516f7ce089285708f162f5b03
experiments/results/v4_residual_ensemble.json,51577,4920de37a61e576e7771dd1a94cfcfa2e4cccb3662c466fdf83e168d73a83406
experiments/results/v4_robust_group_effects.json,32238,10aca379558aa4dfaa76e20817f72c61dce407bf454aaff4888904ca8c69f0a5
experiments/results/v4_robust_group_stack.json,3347,bf584c181eb605f45dcfeeb9dfa429616749f2bcffca6972e28f69e9ce7609a9
experiments/results/v4_routed_tabm_stack_locked.json,4071,941bf949d7896a650ea6082f841f46e200d3cd362ec7bb17e9b5d7b80bc0e763
experiments/results/v4_semantic_direction_catalog.json,18027,5d2ad06ea8fa41724852da23c05551b4c2f3d470c2384484306cccd33902f11c
experiments/results/v4_supported_meta_stack.json,6713,563c925fb72eee8097ab4d42af652e189e391af6da5f8485eede5b95a695f2a1
experiments/results/v4_supported_teacher_2023.json,2367,112f5e932934c278cd0012168a8dd25e056edac53f5ae4c8ac9f52c3d7c20615
experiments/results/v4_tabm_binary_brier_enhanced_all.csv,389,6d3cba2b3e9817e792c0a43d5c2217e44d4b94f607c4ed836b5b71fdd834bc1a
experiments/results/v4_tabm_binary_brier_enhanced_all.json,71169,1b691455e2dd9f922742fa79e1917c0bdbc969969ed2fc8b2d93b58228c7c9d3
experiments/results/v4_tabm_enhanced_all.csv,373,665964e107f2d519f1b173bc36a7289724d9fdc6f77f3d198dcb11d158e8d88c
experiments/results/v4_tabm_enhanced_all.json,74635,c7b0e0435184ba0995e89baf3ccd54f8b6ddedaf6d736f4cd6c98852fb34534e
experiments/results/v4_tabm_enhanced_alltype_all.csv,397,9e5f0f4189daffe7335064b1dbfcd4d6617e5070e911d22cbbcc0608574945a8
experiments/results/v4_tabm_enhanced_alltype_all.json,75415,9ad0a7f9bd9105fbfcf3026f9b9febc90b71d343329e1f2ccd601825b794e572
experiments/results/v4_tabm_enhanced_decay65_2024.csv,204,a0650fb21a29d274e92e32a83c63e11b40f0658b156d97690a739144da53ec52
experiments/results/v4_tabm_enhanced_decay65_2024.json,27686,c3b76d359f84f27995d2a6dfb06cee9b42eb7ba6a73c4c91bc0a46dd9c4f7d7f
experiments/results/v4_tabm_enhanced_decay65_backtest.csv,305,e388d9eaab1d944b3317ca890b992320dbe7c2344d4d8e7ec0c47f8b7b3dbc69
experiments/results/v4_tabm_enhanced_decay65_backtest.json,51159,c8bf5bf19f80fd6a610ac5d6bcb7559a75d801b44fe15043c4f58117c772c4d2
experiments/results/v4_tabm_enhanced_rfit_all.csv,401,9488444fd699c8abe27ecef08d6afcdbf1dcbaf9cf4be515fcba1d05d06e3701
experiments/results/v4_tabm_enhanced_rfit_all.json,74587,f7e08d7799e73ad9af399d1b82b56022f73ded8fbc7930100d4741f1c272cfab
experiments/results/v4_tabm_enhanced_seed42_all.csv,394,fc3e2d64dabd1bf2dc0147971556ed705b9dfd78f027db3646d00de9aea29a4c
experiments/results/v4_tabm_enhanced_seed42_all.json,74595,150c97999a6be5c2716a36e6d51999edffdd046a9849ee3ff408823b85739185
experiments/results/v4_tabm_enhanced_successcall_all.csv,409,9367bc2f76327e520c7153440369ef973b26dfb8e9d386502951701a8dd67a1d
experiments/results/v4_tabm_enhanced_successcall_all.json,75214,2679a8f30b6a25a320b2018971ab7f1e21f72f0849ac48b594caea40efc9ac85
experiments/results/v4_tabm_full.csv,234,b915d1e0d74df84a248f9a9c2f33284d935a28adebd53a1c28295fcdada77026
experiments/results/v4_tabm_full.json,18285,b5427b40867b1c262c3669a26414951049dc19a4b320782b2c4f2791a08c58d5
experiments/results/v4_tabm_members_smoke.csv,197,bb34f66138a84aabc7125efd7e500556b996ed2a961a69b5ffb68243825c0033
experiments/results/v4_tabm_members_smoke.json,20642,f38be2e9d2b521be183ea83b5d2e35ed30950ac010d3a2b35d9a10b240c6831e
experiments/results/v4_tabm_outcome_ce.csv,248,48ec9198bbfa410dbbe9e383dce87da10b515b1d6b6eea180a061b7335b97733
experiments/results/v4_tabm_outcome_ce.json,19859,096072609b26961e773717b6c7703236a7fa8e18951212ac09145b84186c1340
experiments/results/v4_tabm_outcome_ce_k32.csv,255,cd5c64a4b8bcf6ad46ff3e56c5c6729e8381dea039b565b086a49f0e2341189f
experiments/results/v4_tabm_outcome_ce_k32.json,19872,a3ed93f85dcc3063928daf621660e53064124e9e75781a262af7799c60851402
experiments/results/v4_tabm_outcome_ce_k32_backtest.csv,261,fa86168ab056c36716bf68e102d137e10b8c2b85fde2804885cd78628b5b8d63
experiments/results/v4_tabm_outcome_ce_k32_backtest.json,19649,53379dde7000ae1233d2ec7388e84ed1dde23b1f6deb8828122c71c6bbcca7e9
experiments/results/v4_tabm_outcome_ce_k32_backtest23.csv,195,b1c80c076538b57571203d02c2a54f571d23ee4ecc7d091bbd305f8a1ab8250f
experiments/results/v4_tabm_outcome_ce_k32_backtest23.json,19822,c1aa2aea6fbaf75bb302a6edc032cf6575c087c6c706b474238ad4199a04c9ef
experiments/results/v4_tabm_outcome_ce_k32_curve.csv,260,07c67150ec207f71db621c8257a25dbf214d9084259b6db7317530171e0a7f27
experiments/results/v4_tabm_outcome_ce_k32_curve.json,21451,ca580f666501257e23a9a1cd84306080b680bc9b403fa2ba9a1c27879b2cdc83
experiments/results/v4_tabm_outcome_ce_k32_members.csv,261,2e98ea64aa49da6292114587ac6051d2bf085629062663f1684056f6790b2df7
experiments/results/v4_tabm_outcome_ce_k32_members.json,36553,a99008caff543ae91521e5f092bbd507b9bd19a6bd701df236e207f542e17720
experiments/results/v4_tabm_outcome_ce_k32_members_backtest.csv,269,a9660b916213ed94e49589a47770d153ec46470f597c1915ad47d4603ef8b947
experiments/results/v4_tabm_outcome_ce_k32_members_backtest.json,20588,81fddc86e4168de9d0e4357936d98cc770b8194d7352e71285dfb8714b565b23
experiments/results/v4_tabm_outcome_full.csv,251,7259d405783902e45a2523f255fd6166fc5e1642be7918027bbf09d03de4ab47
experiments/results/v4_tabm_outcome_full.json,19387,9f1bef68634096cfc39967dc2e0008d05f8cec9a58eefec8dec6f2a4ac545a4f
experiments/results/v4_tabm_outcome_noids.csv,251,eeecb07d7f7dab2d1f5763719d62f722fe9371223bf5ed85ee823fc850596c24
experiments/results/v4_tabm_outcome_noids.json,19235,9a5f33b1c039881f44134a3583f288c8f400bba9ee040bac2773127783d21af0
experiments/results/v4_tabm_piecewise_curve.csv,264,ed2e9a70dbddf423afc36aa2338eb1f571aa357542b2d0027a24ab40d60dfc75
experiments/results/v4_tabm_piecewise_curve.json,20709,174a9a9142648263cfb3ce266eae828732a7ff56028409e3e0d51bdb0a6df574
experiments/results/v4_tabm_piecewise_smoke.csv,209,f54a718bbf33da1af7d2ff4cf1bf1b68f1bfd828c3bcfadf664f2bde28a3780f
experiments/results/v4_tabm_piecewise_smoke.json,18570,8b8adae38e6ac6c574c15ee257f2e9e91e9c127e8f191e3680faf5cba816be4c
experiments/results/v4_tabm_smoke.csv,609,9a137e9f8cf3d727b9fe1e279f162ccece40f1a348f720e04b671f136d4e84a8
experiments/results/v4_tabm_smoke.json,29765,29849860e1dc17b75fb46a709fde2ac68c44deee769de5c9c226d89b560311d4
experiments/results/v4_tabr_smoke.csv,167,56e7a5acb9b920931fa67818e1e778998e5dea607ea08cbceb68c3a92c7161f8
experiments/results/v4_tabr_smoke.json,12762,46b99d43108ec2b9e760bc7d19d3b2cccc41a0c09cd135cabef37db54c8f3444
experiments/results/v4_tabtransformer_ce_stack.json,1465,a6ca13d151a84adba5ab7690ddb89855e8d762ff258b38bd0501217272dcda0f
experiments/results/v4_tabtransformer_direction.json,1575,e717129c394c6306f6376624365480a669bbb492f5d8105993d9bd8417dc66b6
experiments/results/v4_tabtransformer_full.csv,254,28e888d428d12f415fc86a75c89528402c77d108df001ce5b7147d6d9965d97e
experiments/results/v4_tabtransformer_full.json,18002,24f1574c7cecce28da005ee417b143b05cd7dd0d0f3eac38ba1699acf06cd96b
experiments/results/v4_tabtransformer_outcome_full.csv,268,e9f5bba9a25d228065452261a96163db8ba9bfd4ddbb7360cdeb27c338847729
experiments/results/v4_tabtransformer_outcome_full.json,19242,5d8aaae923cd31decd6d324ffcd40fe031d65eacdc47695472e62f5c88583f34
experiments/results/v4_tabtransformer_r_ce_confirm.csv,215,36dcb2620fe0b9955f21acf79f5798ab66667c1537826349ef5e9c94315bab17
experiments/results/v4_tabtransformer_r_ce_confirm.json,23848,b7c68ab8bf230806d1a924c3bc8e3946705dae7d28e9f0b0400a2fa6ab16b37b
experiments/results/v4_tabtransformer_r_ce_oof.csv,309,edfaf6ec926eb9a74667a1cb58b75d0144b4975a3de42c4866578f3e031f3722
experiments/results/v4_tabtransformer_r_ce_oof.json,44376,5ff8dcf9cee9801000d302b97c15d998979b0218ed4f08e6696f3ab41183346b
experiments/results/v4_tabtransformer_r_ce_oof_screen.json,899,6d04738226b81395b44942a99af70433d75000809c4d8a758b14f185e0ae0ae3
experiments/results/v4_tabtransformer_r_confirm.csv,213,14c547150782228d2fc88ce4be2eee3170a121f1f30fd03c69c356a703aac878
experiments/results/v4_tabtransformer_r_confirm.json,23911,29beffd12a6a86f2837a0713dc1e3be6f65189f36c259b1d23c7ea4bf6368b3a
experiments/results/v4_tabtransformer_r_seed42_confirm.csv,219,04663420f1125d543e03dbd88c6f702498d1cedd06f159000cc5ca6a3015b502
experiments/results/v4_tabtransformer_r_seed42_confirm.json,23934,5816db414343783034e081c83014e3e423324cc609070d06836005949c0c2df8
experiments/results/v4_tabtransformer_r_seed42_oof.csv,317,2d2451c9b6b06abbe79be9528dbb6c0c6a4d6dce725baf80929530eaa0d86385
experiments/results/v4_tabtransformer_r_seed42_oof.json,44500,31d73772ad3cd0c91ec1a017d151f5821310fd09c30ccac6267d62b7a037b775
experiments/results/v4_tabtransformer_r_seed42_oof_screen.json,878,c2e7244802bf5c8ee5c1f4a2f08a1a3cf0d47b3bf7da0642a3fe2b317a066228
experiments/results/v4_tabtransformer_seed_ensemble.json,1469,a7e04c749df97769eeb586bf9880f2741430ee20e5d9f0bc24f7cbad64f41923
experiments/results/v4_tabtransformer_seed_ensemble_screen.json,465,2a1482c52eceb9754fc2bfa2032ebf1ec3e90d8ce3871af362a759fffe9b46d6
experiments/results/v4_teacher_residual_centered_r_primary24.csv,220,bd151a5a6f5440505125526aa830f037039af0310168ddabf30de16ab7c0a3ef
experiments/results/v4_teacher_residual_centered_r_primary24.json,51342,f1c555ced846b7518a51622f0cb3ebd7f7c91e99f07d1f97e5fb066f29898e09
experiments/results/v4_teacher_residual_rich_alpha0_primary24.csv,275,8a5aa582dac853bcc1085d18eb21c7c2bca836ab61e46d48c4408c580df8d468
experiments/results/v4_teacher_residual_rich_alpha0_primary24.json,51575,e51ff04a18613f354d3eedb36d08192ce5846837f8af57192572a95e51e12551
experiments/results/v4_teacher_rich_alpha25_primary24.csv,251,7c47f1b7f85828ac7e8f5fddfc881c8d3ae373fbb49961787c3f846e842e7f19
experiments/results/v4_teacher_rich_alpha25_primary24.json,51344,c834e23fb1730eb3983d5578469df2d27af30ee8bd1f634bade3b96e83acb786
experiments/results/v4_teacher_rich_smoke.csv,186,7c2eead63ba7d35286d8aa3cd768a589813a08f169fd06444ed387496f2c0de7
experiments/results/v4_teacher_rich_smoke.json,48545,3d96016583511809a9410c21aa7e20a9bb40f56c515c90e494935274039067d2
experiments/results/v4_temporal_direction_stack.json,9689,a54da2aa5f33a5bc9cc22914ec03eb8fd9203bd72a5d23111e6b21d3148db54f
experiments/results/v4_temporal_residual_models.json,338710,18e7252458c348a9258d9126948677182cf99d40f36e61db42df7e93bfed2ed6
experiments/results/v4_temporal_residual_ridge.json,108210,1a659e5ddb5666b76678f7728adbf2a51fed60aad635c0c0375c036dd0bf8b16
experiments/results/v4_trackman_count_smoke.csv,188,42e42c737b46e0cd806049a6f8ede5b334870bc267f21353c972df868d3c8405
experiments/results/v4_trackman_count_smoke.json,17236,589592b7b583bd19852cd033456ebc3e5bbb093e18083b1f6cba3bc8483657d6
experiments/results/v4_xgb_ctxlvl_tm_primary.csv,288,83ce926495586b38e06ec8e5f41d5c453a5ef104c77479eeaf2ed11ed5582efd
experiments/results/v4_xgb_ctxlvl_tm_primary.json,32070,b6191fb9d61974cd010535eed58f2cc3818cb589edc06f5b9f6115549668a532
experiments/results/v5_adaptive_state_space_source.json,7677,1d0e8fdf2a9f440667be798f442fbfd51b5ba819005839024fb45df2ae3bb8cb
experiments/results/v5_anchor_honesty_audit.json,76514,201e10e6155673f670ab3cd97f46ca2dbc7d6530a6e05c057fb053854d263253
experiments/results/v5_artifact_inventory_audit.json,228203,b4a73f7b7e89957163d71acf8c6abbed1bd2fca3edb44835ecb83724d3b74a82
experiments/results/v5_auto_pitch_joint_source2020.csv,218,c7ffaaf8a60e94ae3c745070da9054c17d2d8a90436e828e414ed1c1d559654f
experiments/results/v5_auto_pitch_joint_source2020.json,47098,f818f50af095259547c844b43cfae9cebb9492b7190fcb62b245738c740b1a01
experiments/results/v5_auto_pitch_joint_source2021.csv,217,84fabd883893a58a62507e26062a9306630ca68d11e7a77138915f2930606c87
experiments/results/v5_auto_pitch_joint_source2021.json,48078,c5fd15873d933f996cbe63d8e41c01f072785ac37b1de3e9f9bc1d39ea009985
experiments/results/v5_auto_pitch_joint_source_gate.json,32371,b43d84912c43ee430955d0226f99eadc8d2dfbe839840b314a45b85a9a1d3f12
experiments/results/v5_auto_pitch_profile_joint_source2020.csv,212,1b7d68db35ffdaf9825638755f6b04e0b0de0991d61dfcbd408dbc9f0ed2050d
experiments/results/v5_auto_pitch_profile_joint_source2020.json,57830,cb92b2e5a335b276946b8e0b13684d35225aeaef9524c03d8bdc0b776a235c00
experiments/results/v5_auto_pitch_profile_joint_source_gate.json,4857,de12338778ea5a23e29e7ce7b26cda185809f574dc5161383abddb08b329936e
experiments/results/v5_batter_pitch_selector_source.csv,345,1de6f9d858d1c068d13c80cbce066977d54721a4d771f244c4009b638a13467f
experiments/results/v5_batter_pitch_selector_source.json,211683,4e62b8c89a501f83dc179150f4ff0b630b5c4fc60593429e750ca394dca105d3
experiments/results/v5_batter_pitch_selector_source_gate.json,2597,00de6eb4cf5449cf1c372e4648a6251bc36cbb7bcc331997f4d200a9408f609f
experiments/results/v5_batter_trackman_rich_source.csv,432,119163279880319515a1dab42a2fddb544274a6cf9f0f39871cfb75918154b2d
experiments/results/v5_batter_trackman_rich_source.json,84982,f5092537bfd4b9c78375adfbc57e790d90d106516c8a2c03988fefdff0273b03
experiments/results/v5_batter_trackman_rich_source_gate.json,4528,a10a1139cc701d2f0f2c73fa3d9bda3ba82ba0c1acd53ca8306562ec0a22d2a9
experiments/results/v5_boundary_appearance_deconvolution_source.json,10325,a8f7223ef6d2c5d68baff0a657bdb310a230c247197c80ceac3ee9a16e07b67f
experiments/results/v5_clean_three_component_upper_bound.json,69059,6a799306fc752df8d20d62bbbd9ff7a7b531e5bd5a370919ac0c97f4b3ea5cd0
experiments/results/v5_component_pattern_moe_source2020.csv,215,053137cda5f15619fbf6b7222a9af4032cb3e40e94cadf0c75b097a692da662f
experiments/results/v5_component_pattern_moe_source2020.json,40932,c34197816c1f1f70ebfb4fbaae60c85bcb0be4339c0f58ef50220ca86d7ba9b0
experiments/results/v5_component_pattern_moe_source2021.csv,228,145e45ce3fd07c06b8dde4048ba280d78f0c18379bb03e154582b6b4e4483ced
experiments/results/v5_component_pattern_moe_source2021.json,41959,f67b9011bde52daca3fc029087f8a5059c8eebbbadc3c2e63f206fb0cb1164a8
experiments/results/v5_component_pattern_moe_source_gate.json,25982,ca24e66bef8d487b3d1da41e0405290214706ba420c70e7eae6e4295b28d4897
experiments/results/v5_conditional_physics_integration_signal_source.json,6670,972bd0475cc6ed700e339289acdd283c98c7d63718f066635cd45c675f749bc5
experiments/results/v5_conditional_physics_integration_source.json,128740,a4521690891fc38d7f86650f37ba9cd30284cda22a858c8db0fd646331dbdc5d
experiments/results/v5_contextual_privileged_marginalization_signal_source.json,10530,998289df76da1f1480733837d5d4b108ae4d25d459183542dfe88c74e1eb612c
experiments/results/v5_contextual_privileged_marginalization_source.json,128873,da425c335f8a3f77ccecddf346f35ec623f57de40688cbe8f9278007763a2856
experiments/results/v5_control_relevant_pitch_selection_source.json,46898,80ec8f67525c626a7967335d7ac3ba00823c303f05628e44c7603c11b1131f43
experiments/results/v5_count_moe_2022_gate.json,22683,c3cceb62b7a2726125a7033261f3c09f5ebfe564be58249985bdff36d08a633a
experiments/results/v5_count_moe_c_dev22.csv,203,06a274c64655f8f09b0d918a281da9fa3ac4dbc4a5bfb80086d33ac26326fbe5
experiments/results/v5_count_moe_c_dev22.json,252734,c5aa83682795765cda5c96a0ded9f7c605213bc2c5f9691e0c6d856e9e058e7d
experiments/results/v5_count_moe_smoke.csv,201,359bcdcf4e82c49552b6761ec72d5694ce64cb96664e7ab2f189e69f468acc3b
experiments/results/v5_count_moe_smoke.json,108015,bbc95b3f304862c370116c4f2201ad2c9ea4f81b79950aee49f3539448a7151c
experiments/results/v5_counter_reconstructed_pitch_hierarchy_source.json,56120,d0fd651e928cfa6ad335aa08cde0089e8e9707d002049f6fa4518cd5f71dbd33
experiments/results/v5_dense_moe_locked_selector_source.json,2589,f9808e06279208b963848f04a8642ac39d6acf674cc311c4bdcd885350efc3ad
experiments/results/v5_dense_moe_locked_selector_source_v2.json,3233,9b4b0348eacf46196bf0c87e3e8f16998c68e93e5b7933e632307f312ee64057
experiments/results/v5_dense_moe_reliability_gate_source.json,21662,c63f09270b29ceb34cd896e6b55a90d9dd66be94ed64cc2c2f0879583b01ce0b
experiments/results/v5_dense_moe_structured_selector_source.json,26235,58efdce86cdf180ce88f9d5fb9d8898a4c1896d0d25ca8216074578ceaedfe1b
experiments/results/v5_dense_multitask_source2020.csv,215,ccd0581abebe3c812e1e6c28082649158701628b4195805999609cb5fef3bc93
experiments/results/v5_dense_multitask_source2020.json,40047,e6254ddb96e078ab35ccdd9de35a2bec2c00ffc9e44cc993bafa6cd44c860efc
experiments/results/v5_dense_multitask_source_gate.json,13732,efa2c66901c8f04c12b36e88d2a85901ca696840e4883a04d03208bcfcd2588c
experiments/results/v5_dense_physics_pitchtype_moe_dev2022.csv,228,3723ff3587fea4640c6cc2e691118d480b317c65c73ee73a5debe35fba215585
experiments/results/v5_dense_physics_pitchtype_moe_dev2022.json,105968,92fa76a299606f93442b9c8c7abdec85e82428b78c7b026c353fcd88f3845601
experiments/results/v5_dense_physics_pitchtype_moe_dev2023.csv,230,2c89710dc581ff3b7d7ea50a7ca9610b6e66d403de1d0e6f58b740e767c0fd6d
experiments/results/v5_dense_physics_pitchtype_moe_dev2023.json,105990,ca520e9ed33a79de67e53bca5c83fca4f53a9bfd04a0217d4835aa9c254ac37c
experiments/results/v5_dense_physics_pitchtype_moe_source2020.csv,233,3cb8137653dc8429523fb1a04c7333c52e06dcf97a9995a4cda6988a9697801e
experiments/results/v5_dense_physics_pitchtype_moe_source2020.json,104562,644c14d3ac6c0296481c5da8dc4f4879bf7adc740b175479c9fd31de6dfa90f6
experiments/results/v5_dense_physics_pitchtype_moe_source2021.csv,232,1bc0ca302ccc5a459a7c8db52e95206ac45067d9bf65db24e0651a1a76bdf1d0
experiments/results/v5_dense_physics_pitchtype_moe_source2021.json,105936,b361ce12c0356059f566dbedfdf8866c50f0589db86a2661d75042cd2537d199
experiments/results/v5_dense_physics_pitchtype_moe_source_gate.json,30437,1b9f70270e09477ecfd2d640da60cda7331b08f089621b6aff28904725f678a0
experiments/results/v5_dense_physics_seed_ensemble_dev.json,23477,676c154c57fceb819b43e9540fc9a8fcf578672907c7674eeba3337ed0dc684d
experiments/results/v5_dense_physics_seed_ensemble_source.json,6447,990f9c53028bdc4ce65df7c34ebbdd55ac59ee9db3533cde5b5c45d4be668907
experiments/results/v5_dense_pitch_joint_source2020.csv,222,a3a40b91fcdcdc762d96fc0623de1ef02371d245ece2265901d5be70fe91e5a9
experiments/results/v5_dense_pitch_joint_source2020.json,41666,e245152b5248ee0d7d06fc5a5a16549f3a175b75d33a3bb4f71a9e08589e894c
experiments/results/v5_dense_pitch_joint_source2021.csv,220,4456e0cb6f4760d166b0bb5a88e8eb9fe52d610e8a830fc0810dcab0e8e94221
experiments/results/v5_dense_pitch_joint_source2021.json,42612,c8eed354854c41007e7c1e79eb459bff8234e30ebbdb3822ebb08d79579f182d
experiments/results/v5_dense_pitch_joint_source_gate.json,27540,29104e791ef132dd828813241f76c191ab8776404730887d514462c8bbfc7605
experiments/results/v5_dense_pitchtype_moe_source2020.csv,225,a237cdd61e169fd56aaefd1d6aa466cc1052aa4716f32fa1e82cc0044970b366
experiments/results/v5_dense_pitchtype_moe_source2020.json,88939,5204b0067ba961b7132796b245e6845e1a00c2838e0309ce88a887273f4e6149
experiments/results/v5_dense_pitchtype_moe_source2021.csv,226,bb60bf1b2c63c5981b4c5ad20ecc49832286a16688170636fa23ef6a63694cdd
experiments/results/v5_dense_pitchtype_moe_source2021.json,89996,8e494b747f26ce3b4b460ad9d06e1b0bfdc3a8703910143476926921fd1c6eb9
experiments/results/v5_dense_pitchtype_moe_source_gate.json,1144,b60bbf761060697bf00893d1a40bb1e84176c81ac4af6802f3dd66dc78109365
experiments/results/v5_dense_pitchtype_moe_source_gate_v2.json,30677,4a993100df1a086f6f758c0f9a835583e90e6b09542b9a7c4a12c6d38419db9a
experiments/results/v5_dense_seed_low_complexity_ensemble_source.json,6693,1a9b60bd01ad11d39c3b5f73f2267cfcf0d7b1cb0730f57d782f578fbf300a6a
experiments/results/v5_direct_season_update_dev.json,20894,61c5e44b1025a68cf6c99181e3f2046fd21058ffe63aaae17eb9da047b6e922a
experiments/results/v5_direct_season_update_source.json,124643,91cf43fe8c8d7236ee7d0dab48adf85131893b9d350d6cc04384dd45e890aca2
experiments/results/v5_direct_teacher_integration_source.json,128675,eae15d0ebee21a96ebc5348ec0071179d1d7a3578af3356641a96752a855b60b
experiments/results/v5_direct_teacher_signal_source.json,6423,3c502108e6c60be1e9412ba0ed6b501035632875d7dbbec5998acff7c95edfa6
experiments/results/v5_direct_teacher_signal_v2_source.json,7169,7414263cbcb68d606b1d174bec3541fb403c669f3d9d628274e2192049dd7794
experiments/results/v5_drop_month_c_selection.json,6253,38d82ba8b12858640e14da359adbe1b383e75f69e56ee54ea14bb3fb68b4a868
experiments/results/v5_dual_state_pitch_triad_dev_2022_gate.json,2240,ec6bb13eba036b4a5fedcde7d592c60afa7f86e001b8dbaa4c212ba886c872b6
experiments/results/v5_dual_state_pitch_triad_source.json,24506,eda7bdca325aeb0646b12ef07c559afb596a7d1789cd8a6338399237097ea573
experiments/results/v5_dynamic_state_e14_dev2223.csv,436,8414bf105bff4e4cfd3dddd91fd56ee8ab164b3e9bc184a37af79192dc6e6679
experiments/results/v5_dynamic_state_e14_dev2223.json,64353,8d2052122df9c05dcd6202624d5fc017e49185ac124a5fc64a73e4f9de054dab
experiments/results/v5_dynamic_state_hier_dev2223.csv,438,7cf5ecd2d208cf8482bc705a9dc3e8da85f21f0cca7e8caf1183eb24a304dfa1
experiments/results/v5_dynamic_state_hier_dev2223.json,72798,a6721fcd2e949d6baee7b3e83e225456fb3c220d4e30c4e5eb8ceb2be785b5c8
experiments/results/v5_dynamic_state_selection.json,91621,3b2b8bfd0d96cf46aa53edb90c3d2c760447fe681201b051c1fc66eb75b15516
experiments/results/v5_exact_c_direct_binary_source.csv,292,5e427a6e6182301f3edf37d14f4e37d76d5bdeb97eae082431264d5ab2d4d921
experiments/results/v5_exact_c_direct_binary_source.json,62810,204c97cbbbbe21d56abae4cceeca93cb605c4ea1e9ea39c9003a4566530c4e3c
experiments/results/v5_exact_c_direct_binary_source_gate.json,10745,4394a85e888bc736464b7db1cf800decd824934a94425a676332f4a3ad6ba66e
experiments/results/v5_exact_c_multiseed_s1_dev2223.csv,308,4321b8873d3d09e1703f3ad14fe70e934ff651e6a8990701aec95b62e13c3e43
experiments/results/v5_exact_c_multiseed_s1_dev2223.json,64429,62b610efe22c914e387e6ff0c4498b1eaf9abfe9eaa10a38f30d72eb611bdf25
experiments/results/v5_exact_c_multiseed_s1_source.csv,320,557e68e3ba5033b809331b3ce7fcb2e6066e1f110b6c1fc54576df9ccafb316c
experiments/results/v5_exact_c_multiseed_s1_source.json,64221,b01a80b6608c2559bd90f2c428e4ebb5d87929c71f6f2ac73be28bf5a2216a9e
experiments/results/v5_exact_c_multiseed_s7_dev2223.csv,308,2a629b50cbfe90d38056713d966e86fb61d5baaf55d56ae0564b9a86a199d1e6
experiments/results/v5_exact_c_multiseed_s7_dev2223.json,64405,33c272534ab6fc2f76672cf0290f2a237c079fe8641ab7f462c61a04f732e35c
experiments/results/v5_exact_c_multiseed_s7_source.csv,320,1bf5c6abd80ce0463958a1e085ad40bc7dbf74b05d23c6ea6c0010b35d9ae951
experiments/results/v5_exact_c_multiseed_s7_source.json,64332,ee083a918461a3b05703fdaf7ca22595db0f0ec2b29acc5fe85b2d4c827743e8
experiments/results/v5_exact_c_multiseed_source.json,7167,98c2985f7eb33245d43c97b007b249c22497f09b9bdd156eb84480dcf9789b98
experiments/results/v5_exact_c_robust_regularization_source.csv,339,0d19265fb232372d7731f80f305b024c4424c808a6f35e77b83e0b5992a025d2
experiments/results/v5_exact_c_robust_regularization_source.json,65178,6a6875ba5c67cb8d6a6d5520dcd9a5be8992162542f7a4cc66da5ccc277106cc
experiments/results/v5_exact_c_robust_regularization_source_gate.json,10333,aec3ec8f7899363b00726fc2d66cc15094355c6cd698a15165efb547c67c038e
experiments/results/v5_exact_c_temporal_amplitude_source.json,44564,e5478aaf60863c8c2d5b6a6c6057453e39bbb992849059cf128216a604d6cc6c
experiments/results/v5_expanded_auto_pitch_joint_source2020.csv,229,f7ba9449f8ac8b138cbfd27318082a2d0e8fcbcf4bf546cafa4cd725523e7ea9
experiments/results/v5_expanded_auto_pitch_joint_source2020.json,49044,b743a65e61633bccdc9e80ac8019da5041ecf4c0feef05044b32d3171f6c6ffe
experiments/results/v5_expanded_auto_pitch_joint_source2021.csv,229,1067aac7deb6dc3e1ac177fc847bd29725f59e25046951547d0ef40719b6b68b
experiments/results/v5_expanded_auto_pitch_joint_source2021.json,49958,493cd1d0344c7498619247984be015adb14d0b8c234d0bb4bcafc17b2669e0ed
experiments/results/v5_expanded_auto_pitch_joint_source_gate.json,33153,ecd3175ea8513a5c30dbfe3fbc479bb3b1814f33fc27b17af39ebaaeec56d512
experiments/results/v5_expanded_dense_physics_source.json,13230,f7021487ffd284c856317da8ff47546ec9239abeef502483361d8d08cc19cc24
experiments/results/v5_expanded_dense_physics_source2020.csv,228,9cda372e70f91b37575b4673aa65d107ae37d3abc3f1f365778e4c6b6b7d0618
experiments/results/v5_expanded_dense_physics_source2020.json,105896,c463c7266f7407863a90a0158f396700ea4444e2ed4928adaf79152359b95de8
experiments/results/v5_expanded_dense_physics_source2021.csv,229,e8d555ddf38c4aa4297fdc21caecee74b8378467007831d3a9e66b1e63b0f87a
experiments/results/v5_expanded_dense_physics_source2021.json,107431,18fc74116af78c6b9dfbc5d8813f6c77abad7ae26efb5cdb0c392b3ed7dc18d2
experiments/results/v5_expanded_fine_pitch_moe_source2020.csv,225,f57bb491fa16606e77dc42d3d9db6cd567391732726d3ac1e3b5c63319b81e17
experiments/results/v5_expanded_fine_pitch_moe_source2020.json,236951,453dfc8b7aeec25d593d1b82ad80604a7009b0b1532e430b68351d75645cebe9
experiments/results/v5_expanded_fine_pitch_moe_source2021.csv,225,5ba19ff1f15a80d4c6ad178badc14c5fd884ae17c364011db19c5f1a11db6302
experiments/results/v5_expanded_fine_pitch_moe_source2021.json,244117,3725deb7e1102fe47deafb277b95bb37aef1139be2247fe4ad1e56ac1f87704d
experiments/results/v5_expanded_fine_pitch_moe_source_gate.json,33135,2ff95d12ae9d30b4067e7d5241455345a1ea0b4dbc36debe7bdceba66560aadb
experiments/results/v5_expanded_matchup_pitch_selector_source.json,18438,b5c9ba9701c9c7c19b32cc650574c9980fa6c77b7145c298c05b912ddfea08e7
experiments/results/v5_expanded_trackman_command_source2020.csv,219,e293092b8d653a5fc0d9eaa3c9fc0969a60048339f3e8ff84c1e1e34eeb43944
experiments/results/v5_expanded_trackman_command_source2020.json,53828,bd5675456a46f3cfe725131c3ec8cbe92a713bab48f545296b82bdca8f20f427
experiments/results/v5_expanded_trackman_command_source2021.csv,220,56b5ac7368207f7b81d10c51d9abc93ccaf3371670a0875b41ca0994e77b4625
experiments/results/v5_expanded_trackman_command_source2021.json,55023,2961aaf79cd809827cb635313a85fd6b8447c568139a240d2873d3bb9e0892b7
experiments/results/v5_expanded_trackman_core_source2020.csv,216,4aaad8356656aadb720902fedc44c70e867f6f7f9bd4ede89d8aff110f6118ec
experiments/results/v5_expanded_trackman_core_source2020.json,35369,296dce4ec6c4fd1b611b3bae1104f759399fd5f20d9111c1a3100cb6ad4f60ca
experiments/results/v5_expanded_trackman_core_source2021.csv,217,d05075b6c5e8729c26ea981a8d03093337298b11cbdf1183dd163b8885beeed7
experiments/results/v5_expanded_trackman_core_source2021.json,35663,1a129a7456daab1160d43fa26d9fc5f0b82138671b69a60b2c0bef86c4be9210
experiments/results/v5_expanded_trackman_downstream_source.json,53982,d9843a62eb81159da2f48d752f66a72d0223a731780ae8952e8e8720d36b3f5c
experiments/results/v5_expanded_trackman_profiles_source.json,4120,0bce2259d34dc0bee3ca99bff2b029eda9c3f87f0bcdebc1320185af885e10f5
experiments/results/v5_expanded_trackman_selector_source.json,4689,1640e67e7d0f90eabdbc5c3657e585a169f6399d9b39bc494a8a7e4c0a4d3512
experiments/results/v5_expectancy_state_lookup_source.json,89060,09409b4cc4090d0a068bae29e8fd9bf5b69764e7893e5936cc5010cbd2b84818
experiments/results/v5_fine_pitch_joint_source2020.csv,219,b12a8f551b9e322d8df7df5405e83fb1692498e48fca8fff1735b5414f7f7c72
experiments/results/v5_fine_pitch_joint_source2020.json,47057,70a9563e1edb207306e6a51fb5c7abb7f1ff806df79fa5bd2a779fbbd7dde321
experiments/results/v5_fine_pitch_joint_source2021.csv,219,407aad4545783cf15b132857eaa36d058e286a922e8cfd763ae4d2c128882ea8
experiments/results/v5_fine_pitch_joint_source2021.json,48081,057feb3c4fce10033815d9244178fc6dd3e8a77a973d267071b843e1faba3ef2
experiments/results/v5_fine_pitch_joint_source_gate.json,32413,051665f6d30cb897ea97a5c590e51e26a36a18861545a6047b9a9c01fcd9d7e5
experiments/results/v5_fine_pitch_prob_smoke.csv,204,391711fa65a5f903b4f44f6ca71018a00833cfff84e1201821b65b34d66e6ef9
experiments/results/v5_fine_pitch_prob_smoke.json,36297,6b0d16eca0fca70310cb576e6c795cb12c1a179ddd2a9fa8143ad18238f58377
experiments/results/v5_fine_pitch_probability_features_gate.json,3274,35d1828de2503de3b167387697494a0d327c13d6b7f508b386ab9a1089a878ad
experiments/results/v5_fine_pitch_probability_features_source.csv,343,0d40996a761cc86cdf58a2dfec5a038cd1f8030d4d235674073ad1bb39c428dc
experiments/results/v5_fine_pitch_probability_features_source.json,69056,639fb2bdadef56164bc0fc40b0a93836b0ea2cbf80ba77110d88c5f25f554f04
experiments/results/v5_fine_pitchtype_latent_source.json,158101,00db80a40b890de70e77748b801ea8ab4c6e0e41460e50d4ca6c63e6f1040890
experiments/results/v5_fixed_r_baserate_trend_2022.json,7365,cfadf03977c89f93ce2aee2239528d40cf7573eecd6c066b5867387be2fcb4bd
experiments/results/v5_game_centered_brier_source.csv,314,a5ac03d9446723098fcaf706f6d89261d3a0d264d5643fc7f85fa67c9d581d96
experiments/results/v5_game_centered_brier_source.json,64302,43f3c0be5e8f20c505cdc33deadfabf142c516decd94481a206a03646a786e43
experiments/results/v5_game_centered_brier_source_gate.json,11298,d2bffce64b12dc8c3629e63220cb35d0493a3ddc9478f24e8a1320a16917fb81
experiments/results/v5_game_pairwise_rank_source.csv,309,c047d6a49ce407fe19be926c51812f25bf2e9821ef65d145a07f8d682c793ee6
experiments/results/v5_game_pairwise_rank_source.json,64489,033e20a882be05572dba768252fe1230da1b846c5b8800dbd129bd2663fd7f35
experiments/results/v5_game_pairwise_rank_source_gate.json,11849,88f7fc24b670b199176de71922a36c7efefd17aa98afc1c73550baa0a26723ff
experiments/results/v5_game_type_state_deconvolution_oracle_source.json,66902,2b1e3571fa555f8f5a811320fc548cdc19c56f0b71d34e1c65533b7503c6acd1
experiments/results/v5_global_pairwise_rank_source.json,25175,e7585f7061c90d1edd57f80192599ff9d74e8b172c8f65c384a3f8e4819305b8
experiments/results/v5_group_soft_alpha025_source.csv,324,98e85ed237df78d29bd164e1d3a7dbaa63f1e60c707c23ddc8278693c943e51b
experiments/results/v5_group_soft_alpha025_source.json,66290,31c8447759fe9400ee5d4dc88e4ff8d430d45df684b9d540442451dfad803502
experiments/results/v5_group_soft_alpha05_source.csv,322,206212e4df95de0b15582fe4e27d6cff0469f7b64b1d38a37b0dfa6ed7993b92
experiments/results/v5_group_soft_alpha05_source.json,66275,b79d94fa81935f316c194a61b148b8ab6b0ca5b16c3147e0ee856a1f13889f94
experiments/results/v5_group_soft_alpha0_source.csv,319,0d25f2c6ecd57ec904399d5576f4a27a587b0d6313057245a2351017a0c5a59c
experiments/results/v5_group_soft_alpha0_source.json,65945,ebfbce8353d05f025154055f06efc71a7422a0651fe4eb324a2f3edde0907447
experiments/results/v5_group_soft_development_gate.json,21189,8bc90baf13592b49a10597a964b51adb806b474a3f879d082cf4a9d017d8b5ff
experiments/results/v5_group_soft_locked_dev.csv,314,6dd9ab50dee1b9f8633021d1e684df839a1d164b0becc871283f829f1cee320b
experiments/results/v5_group_soft_locked_dev.json,66148,69b7dc80f88ed4cca722088263f9ce36dc044722af0c00b9e50cde762ae85cf7
experiments/results/v5_group_soft_source_gate.json,17800,271c90bfdc2a9d054d49a0966c26209eda67c6b9e9a734c7ccc7817607ec8230
experiments/results/v5_h1_residual_selection.json,33096,066ad1bf644408b717c73cd1eef1052c69e13cdddb0dacd6ff01032c91c6f11f
experiments/results/v5_h2_conditional_history_confirmation.json,5609,41036b987d3c247d636633bb373c717b739e357232f4dac957a64e92bb8ce6ae
experiments/results/v5_h2_conditional_history_selection.json,48319,740df4fdbacf85a68f3b43c4f95749a848e9a42e8974a8e447dab517553f1918
experiments/results/v5_h2_hist_batter_dev2223.csv,408,00a98666ee5e502c508cb55b48d010ade1439abdf6e57b38be31fbf48fa66042
experiments/results/v5_h2_hist_batter_dev2223.json,71136,d0255a8821bf2c1996ba4bff55020f950b9aa1c9c76fb53cf5a55bb6f6517131
experiments/results/v5_h2_hist_joint_confirm24.csv,260,aa8d035c8228e7b71210f0d74f1e45d9a234e37cc39f0d99a650e8dc98a74ad4
experiments/results/v5_h2_hist_joint_confirm24.json,41223,5309c008fad7418fbcb3576e7514b6a34f28982a497513933f7ef0cba71c1067
experiments/results/v5_h2_hist_joint_dev2223.csv,409,d754539739513b4a5c91e0c210771ed944160bfae5b9e86ab2a1a128f543c047
experiments/results/v5_h2_hist_joint_dev2223.json,77707,04ac8f4576db60d81e27585c7f912a4974d5acdb85657b4fe6b760274db0bdc2
experiments/results/v5_h2_hist_pitcher_dev2223.csv,412,e5e166468b85a658419cdfd4edaebc34853a21d01bbc8162c3716d0595de5040
experiments/results/v5_h2_hist_pitcher_dev2223.json,71703,8b80bedefeabc21120a996a4b1a7a08935497d2ab8b8cc1d3a475dd76d763246
experiments/results/v5_hashed_cross_source_gate.json,27234,cd92c34a3209885e7d7551b3b68dab0787e27f608c1b51d04e749279b23e13ac
experiments/results/v5_hashed_cross_source_training.json,6755,d0a762e3252dfb93f22bacca524c500d333ea4261f9a2f7aea2bf24d25b8b20d
experiments/results/v5_hgb_context_parent_dev2223.csv,292,2d63d00e732eaf4073ff762cbd263eea4994c9bef7beb042eede86fbb8de3eca
experiments/results/v5_hgb_context_parent_dev2223.json,20427,295fcb340c10a855d6d854a41c14c8a8d427d4d8167463f61fbf70bef93cf2d9
experiments/results/v5_hgb_state_context_blend_selection.json,5767,aa2b6d8003b3e46bf602b56c2cd0bc14a4cadf281156e7798047595224c60a63
experiments/results/v5_hgb_state_context_blend_source21.csv,188,d9b83c7fc3c178a901290d7af02487c5d83033f4d8eccffd8c1c61e7a7153570
experiments/results/v5_hgb_state_context_blend_source21.json,17887,93a977bd547007bae139142492c09a6c2104240a7b16138c2c310a21c3ff5442
experiments/results/v5_hgb_state_context_dev2223.csv,400,69b4583413ab755d5d0ec6bbdda40114ee3ba8cee1841ede5ba9225d9896e71e
experiments/results/v5_hgb_state_context_dev2223.json,33162,59961ac28de353f521153504d40a86239d8da3b53aeceaaea54c634975d73a63
experiments/results/v5_hgb_state_context_selection.json,4231,573c70796071ebd111199dd46926135c204133ce4e43811c521e212780da7ffc
experiments/results/v5_hier_pitch_joint_source2020.csv,219,f230236587512ddacf99efdddc90ae5a80f64dd85e3b5f65840425dc0aa44879
experiments/results/v5_hier_pitch_joint_source2020.json,49086,fd89a0eab3e640cf0f90c7282d3df2f94ee222a046c3f2efeef8c6e39eaa3e1b
experiments/results/v5_hier_pitch_joint_source2021.csv,220,b61ba29d74ec498b47a216ff0522f2559e23552e8c0017cad60767f83fe51e11
experiments/results/v5_hier_pitch_joint_source2021.json,50150,0c33b4ca375dff0487a7508158ce448f6a02f4392a878f36e774103c0af11f69
experiments/results/v5_hier_pitch_joint_source_gate.json,32380,82799581ba0a7ca523081a5c13862ff54bc3a835655dfe81ae2fccc142e80b84
experiments/results/v5_hierarchical_failure_chain_source.csv,331,b49d0aeaf7a822332690f974df9964e836cf2128cd1fcde6b162900651af9d6e
experiments/results/v5_hierarchical_failure_chain_source.json,33248,8c472ed2f9d3fcc47a276ed67b6f48cd3d910cf794468955213d71b3d993741d
experiments/results/v5_hierarchical_failure_chain_source_gate.json,6096,6bc48a44a9d024005a40839a2013273cc687f279963a77515d78598ce620d74d
experiments/results/v5_honest_transfer_catalog.json,162850,91110a552a48160972a095c920eae3cdd24fe4a5045e814935d8784ff17c84ce
experiments/results/v5_lgbm_outcome_family_source.csv,295,8559f8a286490c2c386b2fb361570b14d1c92a65dfbe40116919e9c5a9e39453
experiments/results/v5_lgbm_outcome_family_source.json,62008,85a8b8d1aff493fb62bad071f3e3449347a886c71f0050c87b3d983ea19b09ee
experiments/results/v5_lgbm_outcome_family_source_gate.json,3445,abdc250e80187a802ff460e672870bd4eecd866a92546de959e96398e3fcf0c1
experiments/results/v5_lupi_hybrid_source21_a0.csv,257,d03a19c4280dba06b1952637ab9a3501d6875be6971ed92a3377e891fdf49887
experiments/results/v5_lupi_hybrid_source21_a0.json,35246,cfa527a8d732440efad423e3c5b01a531818697db61a2b18340a8152bf180b30
experiments/results/v5_lupi_hybrid_source21_a100.csv,264,9cd0abbe82f2a9159a4a1054efe8a9d0cf24892637caab49d6d0dde386623ef7
experiments/results/v5_lupi_hybrid_source21_a100.json,35270,a0a6d4ebe1dd667819c5d4dd64151d1917b2b1d43f27719ccd886a93d3ff04ac
experiments/results/v5_lupi_hybrid_source21_a50.csv,263,9601a4a596b923b2f282537bb2bd4c26df3bb809e1fa74f801e28634cc44eda8
experiments/results/v5_lupi_hybrid_source21_a50.json,35263,6d02446860872e6fdc86207d44a749207dac388ab08834035460e0975a82844f
experiments/results/v5_lupi_hybrid_source_selection.json,4949,054fa6e3491d653f30ffd88c6abae02133c34e0d3dc545dc5b0270b6faa60cda
experiments/results/v5_m3_recent_residual_differential_source.json,13391,5a3b77259cb5ce9f0030d2fc3097b5cb814147b312da1a15b5d1fdffa0ab5cca
experiments/results/v5_main_id_cohort_source.json,18082,f4743700275b2107357b9d7bde73e6086b85f56e75fd75d01c22faa7409d6830
experiments/results/v5_matchup_factorization_feasibility.json,7821,0902f34a17c893bf426aaa1c7051f88e1c56be261be9dcaaaa6f777bd1b4ae10
experiments/results/v5_matchup_hand_fine_moe_source.csv,336,b96ad322c31319982c70390c07873e9502fbf1dbdda91721db862260cf908bde
experiments/results/v5_matchup_hand_fine_moe_source.json,478967,caba4ed17989bad046da6f781f10419c58a882e0f5842717fafc71b5c47c39f3
experiments/results/v5_matchup_hand_fine_pitch_moe_source_gate.json,35233,a4f026099b8f78e51329843ffb28bc8ef37c1920a2775ae0715c5aabb2ee345f
experiments/results/v5_monotone_state_brier_selection.json,18698,a67eeea2ba2aa751716e09d2f4b37c4c3c0dfd82c537934c2bf9a0b3a3ee7814
experiments/results/v5_multinomial_offset_dev2223.json,23198,2ef7d188c3aabc6a8f9fbbbe530194417d457d2753c0cacce55e45365d6d0130
experiments/results/v5_multinomial_offset_selection.json,45668,64b604865e3128c3cd930711b6b9fc9d0fbc398a0fcbf11a4839d536110ec07c
experiments/results/v5_neural_dense_multitask_smoke.csv,216,262427ed2608fdf1ee4d6d44d54d68c27d36dcccdffd3a8ddd692002b2e9d06a
experiments/results/v5_neural_dense_multitask_smoke.json,25594,a4d69132f03f40125321cf621785fa89775385674ec0ae12715611ea990090bf
experiments/results/v5_neural_dense_multitask_source2020.csv,206,a913373722c2fff78934f19d02f81d4f65d8d4de4ff035825954232bc8250154
experiments/results/v5_neural_dense_multitask_source2020.json,27168,1231054e2d3e47d5f613f988d075f4d58f2664a9643dc0875c3835deb29edced
experiments/results/v5_neural_dense_multitask_source2021.csv,205,2023a162860b9b0360fbbc80097c3b5f41115d9af964c394a114db21ccca3ce0
experiments/results/v5_neural_dense_multitask_source2021.json,27198,d859854ea6c1ad0c8bcbba7b842dc4ee97ef57de95a061dd643c34c34350c3cb
experiments/results/v5_neural_dense_multitask_source2021_gate.json,3518,fde18ba7987be92a4ffe88aa2cc95a1e6517fa208c301d8afbfe869a425cc167
experiments/results/v5_neural_dense_multitask_source_gate.json,13997,60850b125cf54b074c7a63e114ca455b845eca7baa11d40f216b5df7af8794d1
experiments/results/v5_partial_binary_fine_pitch_moe_source2020.csv,237,9f33bbffc335921df4007853d0497509eb0d8cef479fc5ae14387bfb63edc033
experiments/results/v5_partial_binary_fine_pitch_moe_source2020.json,96728,0ffc34670f7ff1e719877c9c0c0d6400e964fffd38f2e7a5e451be977f3c9cf5
experiments/results/v5_partial_binary_fine_pitch_moe_source2021.csv,238,539e30af4909800a94f3804e9984d3719dcff247d3d500437cf00faaeba82ba4
experiments/results/v5_partial_binary_fine_pitch_moe_source2021.json,163296,14258cd1fb5be488bc7b1088b1436993e4acb0149f5965744fcf6c9369e09249
experiments/results/v5_partial_binary_fine_pitch_moe_source_gate.json,33966,a19b3d8293c35e1a63f6b13baf4c10a7b26d0678bcb0a823ddcd34ba1c01fbb9
experiments/results/v5_partial_expanded_fine_pitch_moe_source2020.csv,231,431a0c3bce0dee3146bcbbb2b0cec443846bbc2619604400ef75ef694518c506
experiments/results/v5_partial_expanded_fine_pitch_moe_source2020.json,300137,30d61109f027f40804f647064d5af180a8ca0e55812767c2eaf40a14d3205949
experiments/results/v5_partial_expanded_fine_pitch_moe_source2021.csv,228,6365ce0e7f8b3f9bb018cb530b8149755f6ab68354a77cbb0200017dcd9ed6d0
experiments/results/v5_partial_expanded_fine_pitch_moe_source2021.json,373747,90173a723439648dad705a78740eef2efd395de55f28d3e41811d6fc44e73fd5
experiments/results/v5_partial_expanded_fine_pitch_moe_source_gate.json,34020,b697cb48007e275336484abb3b5b342260f68954da75cf8f83c5c267021c422d
experiments/results/v5_partial_trackman_linkage_source.json,6815,704583762d8626cc86a012a2dde69a57b4975b32cbe6029b11308b7dddf1b323
experiments/results/v5_physics_adjusted_command_source.json,8120,b6e17a22c905413dd7c9a99b5c4da4ea6d38f72121d09049b94a65fcb2666882
experiments/results/v5_physics_delta_student_2022_gate.json,39889,80e0f40920dfbc905e0eacae6d2abb2b3769199488bea3ce4875fde2853e9ca5
experiments/results/v5_physics_delta_student_dev22.csv,196,ea1d072fff7aff9158e9747e13668e9087a6b3eb3a5049e70610c35179c956a4
experiments/results/v5_physics_delta_student_dev22.json,55749,45352264bc419887a8999097dbf03206cad3289df0072d6d36566d92efae4303
experiments/results/v5_physics_delta_student_smoke.csv,196,2b96153f44bd9b15375fb6eeb8e17059b12248ab4f639b630137069b0d600eee
experiments/results/v5_physics_delta_student_smoke.json,52314,55197da31bc9d702278afd1a984d2f1279cdb674c71460393bfbeac1d8f6b488
experiments/results/v5_physics_joint_source2020.csv,212,9955fa57b740f1352110a43d36f787d6b63f4c7fa864e715cf0451543e26daab
experiments/results/v5_physics_joint_source2020.json,49495,22cef7d902f1613860a79a511de98855b05067b76f27e727a3c51808b9f780a4
experiments/results/v5_physics_joint_source2021.csv,212,04f63bcd16b23868606e8a9c0953788bdf4695633d2f43e945569d68f82755c6
experiments/results/v5_physics_joint_source2021.json,50406,1b0383dd545d1a39ef683366060676e85e1fecddca9d1c692afd89ec016657fb
experiments/results/v5_physics_joint_source_gate.json,33225,2e60b33d50006840919be207a3a2e66a12f546ce4587454f3e940fa79e5d0230
experiments/results/v5_pitch_gated_stable_route_source.json,90950,ce8f705fa607d960d106d6b013c79524c8675721646b3153c95fcd11a6138c8a
experiments/results/v5_pitch_oracle_delta_distill_source.json,16728,ac571ba68f961a2131cfc67467f34b7fbc92f5c549e5de192fda37611a104c2d
experiments/results/v5_pitch_selector_context_tilt_2022.json,1384,e1383ba33104a2fb92d85e5079b479a70d492646230e8f3869b453639c21ff1c
experiments/results/v5_pitch_selector_context_tilt_selection.json,551241,03507ac16f7408a841cdfa40262f87c81e63499c7ac2ebc397f3c96c845548a0
experiments/results/v5_pitch_selector_moe_locked_2022.json,1250,a6641982069c705ff33a8bf776d124cbfcbf73ab0f5a1985368c8d836614cd23
experiments/results/v5_pitch_selector_prior_pool_selection.json,52819,500f29fe9451f156066c5895fd534257540ae3286e19ff2b7c98c3d9e2c8c894
experiments/results/v5_pitcher_context_differential_source.json,15688,abfcda417cb165f96fad84675cabcbc5d0db29ee20cf99ba02c5936e19d510a2
experiments/results/v5_pitchtype_moe_2022_gate.json,104095,b9bd20d0f575b48df7458cb45c6d791e7e08ed7e16bef9baae573a23258b03ac
experiments/results/v5_pitchtype_moe_c_dev22.csv,209,527c7349c8efdc50047b734c440233ae1e735e4600c29701b15b6cc3e873f81b
experiments/results/v5_pitchtype_moe_c_dev22.json,104780,e2d035231d66e931e57e0f9acfc67af88615a6c7f0aa761eaeced3854ad48d4e
experiments/results/v5_pitchtype_moe_smoke.csv,193,5b7607b5bb584a59f1eb2cef44158f6b891ffc2fff5ffd0eb24b89a567d99f89
experiments/results/v5_pitchtype_moe_smoke.json,104120,72eef6f26b1238219bccd8b2e758438e67fe21c99aa444426895ca3305317328
experiments/results/v5_postbreak_f_logistic_confirmation.json,7277,b89cea8c93af43637f89f77fa784c3ce847cbbdaf8b19894173c20a67ded47f1
experiments/results/v5_postbreak_f_logistic_source.json,58292,319020c6ee2c86df3b773e2b8e597889fa221b8da2b7da381bd01d62bb468478
experiments/results/v5_postbreak_f_specialist_confirm2024.json,4569,0e3c3e20f40cd568a0ab3f531855f9d14323b7ed47ac10bb558f30b18b1a309e
experiments/results/v5_postbreak_f_specialist_source.json,5478,8f8745559a689b43b8d06e0e3c2f32511cdfbfade612f30d9187be9ed2b4d54f
experiments/results/v5_prevyear_loss_gate_dev2022.json,9288,62535f432ba9f8aa2549c357e33aa495177168ebbb357264d83330d6052a1db9
experiments/results/v5_prevyear_loss_gate_source.json,25940,aadc4e99291b7508dc712c74fdd411a5a75d938934b03de31c32ae6ccd95bf55
experiments/results/v5_privileged_trackman_distill_c_dev2223.csv,436,0cbc9f263369c0b23eebfdb6439246eb058155f5fed06ea899e8c9e3a0b981ca
experiments/results/v5_privileged_trackman_distill_c_dev2223.json,71452,806854b52562fa4e0c13d07ca40295900b19c26d0d8a420a7aec5c251ed05853
experiments/results/v5_privileged_trackman_distill_c_selection.json,3621,9e95364bf40c9b428c4eecbb0e7bbcd81dfe2c0737913ed6e754a83f24472ad8
experiments/results/v5_privileged_trackman_teacher_feasibility.json,4513,1002ca8d6392443b15ef0d14d64bcc73bd7cb6c8703260acac69f75064773523
experiments/results/v5_r_specialist_all_dev2223.csv,421,f638db6a467a79bfca6eca4d68a66a6684577e99f492b3e7f0739e84fe2b1363
experiments/results/v5_r_specialist_all_dev2223.json,63976,1092ad567622482ea3f2f9981370606c9f6808c8f2c428a7f65c297fbff0131f
experiments/results/v5_r_specialist_decay80_dev2223.csv,426,8c3ab169a96cb2b251fe85a46331b39a2eb67bde47b6ebd047a96b8893ed9fcd
experiments/results/v5_r_specialist_decay80_dev2223.json,64067,222903cbb5b65fd34725731829d6e97edc10fbb02171996c37e3aac81b9d8679
experiments/results/v5_r_specialist_recent3_dev2223.csv,427,bb03245c235b8567ec1a673d1b0a143ec878e6dbaca1c775da29156ef04689de
experiments/results/v5_r_specialist_recent3_dev2223.json,63937,ab3ba3e1046b6320976a56d1582d85a6439d9eb10c04cdf4900fff6fb7dda123
experiments/results/v5_r_specialist_selection.json,137133,c94476fcdc23ef666d3e25e1d30ca72afbb974656d20b49e370c31691d0955b2
experiments/results/v5_raw_trackman_pitch_selector_source.json,13005,1db225a3b2b947043cb7081769107f1b9f4259c185e6b6967113ad6cdd5d431a
experiments/results/v5_recent_denominator_c_confirm24.csv,213,416092814b1f875c134c89af56d2632871551ddac5c6b8220ccdb5dd4cc8d290
experiments/results/v5_recent_denominator_c_confirm24.json,41266,b48fd9108864b7d1d78a7cafaa60e1da40f435978ab5f66d60573b0d767a6633
experiments/results/v5_recent_denominator_c_dev2223.csv,309,0ea163006606f7280a8002a528868973578adfc0d999795a791fd9aae948fba0
experiments/results/v5_recent_denominator_c_dev2223.json,78701,3e11b0108d6e9ffc05cb0e140e9319d14555cbfde474f85cf8e1aec6eca716d1
experiments/results/v5_recent_denominator_confirmation.json,5463,39733a7484f5f2d82a24b76b515f7c88d6d33bdd4b31e499d533c6d38e566a98
experiments/results/v5_recent_denominator_selection.json,43276,a42b31ec556b482b7e0fe209a26366d4c6fc9133d32ba6df56b4ac56c1a7fa07
experiments/results/v5_recent_game_f_update_source.json,122203,97da1192585794744872f62d4796961e6cd576b15431c0097b6f71c899a88c75
experiments/results/v5_recent_neural_multitask_source2021.csv,207,3f32adfc27712a44fa8763052c000821351961b6b645aa44c5f3e4a6ec20f21b
experiments/results/v5_recent_neural_multitask_source2021.json,27197,a132e2e814a7b8166a7982247900ea9427aadc2479fcc06213c13ff4b1d26883
experiments/results/v5_recent_neural_multitask_source_gate.json,3524,bc08654169e6514a1ae7144cae8186b5c6464cb0ba26ddf4e39115b15a5f0f62
experiments/results/v5_recent_routed_auto_confirm2024.csv,221,d7c3a4f9e55d72febf26331ae8f385e886f04f26e3b6b8ed5a39307f4561d19f
experiments/results/v5_recent_routed_auto_confirm2024.json,50144,71d14aa9ccf297e0a68e6c4340fcf66ad256d2620bc7d0d3b3bb8585d7cb0472
experiments/results/v5_recent_routed_auto_dev2223.csv,320,f17c7ee1acbcc36d318baa1abe2ce4ae62ef9eec6f8ce5a3e7b89b86f36f9c8c
experiments/results/v5_recent_routed_auto_dev2223.json,97411,b8d9b5c8692d4632912f3fc10d4b25b82f28e8f2e7342f3e242b69c27f0e6b3f
experiments/results/v5_recent_routed_confirmation.json,12932,1d954a35a7e9f5657f44c57399d9624356531636dc85176b0e78c90fd3cc4498
experiments/results/v5_recent_routed_dev.json,24302,fb44a9d6d381277045943941ddc3a85b9a00889ed709b6f8efc21da4e4e58353
experiments/results/v5_recent_routed_fine_confirm2024.csv,219,5fe16e839135e083c78dbae795f07e0446c39c9176694c75f7cedc0347cd0ba9
experiments/results/v5_recent_routed_fine_confirm2024.json,244520,432e8b5b52e7a88c5280d01d644b9cf21a1f5ae8ee964aac908a7de53ccce809
experiments/results/v5_recent_routed_fine_dev2223.csv,316,893b751d9fcaee68824f70c92dfd4dfed1c7fda13aa696b0d65ab81bd1f3f948
experiments/results/v5_recent_routed_fine_dev2223.json,486099,72b5d513ba8fbddb34edf82c2c176a58abdb63506527df588b0738b5e84b46df
experiments/results/v5_recent_routed_regime_dev.json,22294,b734104c8f44b826a2fdbc62cdae9c863299b7a8fcb77e8791eed8efe3b1f369
experiments/results/v5_recent_routed_source.json,128389,4eae5c718a1ac5351c0985a63ebbbe59abeb3ec550af6a6f7ce22c14d3cc4dac
experiments/results/v5_recent_workload_decoder_source.json,6508,a27067d7cf4b7a481741b9b8cb2946a114d2ab1e288cdbc6b41f1b56f49d1969
experiments/results/v5_recent_workload_exact_c_dev2223.csv,313,65993c6d08c449f888c7b78c6ef58b68163e8c8bf1b377f5aee99e3009b798b5
experiments/results/v5_recent_workload_exact_c_dev2223.json,111703,f7a6219aabb4b7e2505480389fa31a76205b0c11f2a4081ca11ac5471eefc001
experiments/results/v5_recent_workload_exact_c_dev_gate.json,108294,5619547e5e5f7cd9034250194e1eb1ac0e97ff5d7c241cffd9b68b90fe8acf56
experiments/results/v5_recent_workload_exact_c_smoke22.csv,215,b90ad4cf10c4b2c1168cb454a92d871c63ed7aebf4bd9af9f412b4b1f669ac62
experiments/results/v5_recent_workload_exact_c_smoke22.json,56882,89ecb8e70b9f7f473750df8dbc2436a8afbabe12241bf21f81f8218ea3bfb4da
experiments/results/v5_row_id_source_audit.json,7961,1581aaeaef34a16012cfa6f5192a7dac06ce8f17966730ffa23c5db5e34a19b3
experiments/results/v5_row_local_pitchmix_selector_source.json,50627,1b2595b6e91937e8bd7f3c72df9d8df4b10a77e3598b61361dc9df27502b3b13
experiments/results/v5_selective_fine_pitch_abstention_source.json,83449,1c73b4a9a2f46cfe0bd1c7f5341ed8ff327567205891823ac3e8eb08e09d7280
experiments/results/v5_semantic_row_c_2022.csv,259,6a71b567c3ae5b7f20e15559539092a26e0df1224c08cc3d37d7d2df1656d0c7
experiments/results/v5_semantic_row_c_2022.json,36082,0bca5d8ba35d5c644b629a955a2937cf2ee4085e222979884aad13c52d1945d8
experiments/results/v5_semantic_row_c_selection.json,4239,a651c34d27363609f091e81e9bba920bca03a7b15f83fb9ec4e878b6867aee28
experiments/results/v5_semantic_row_c_smoke.csv,202,30c99e28b121c0992466488a4b16e09f3b4f5cb45ed10704edf14a734107b82e
experiments/results/v5_semantic_row_c_smoke.json,35755,51b20def01e8707691f80c9c26c3816f238da19fe9dd790ebc0dfe78014fe5d7
experiments/results/v5_success_focused_outcome_source_gate.json,15681,20323c2a6ba2689d3a9ba20801961f05915a5e27afdbe8a75f9b604f3717b9c4
experiments/results/v5_success_focused_outcome_w25_source.csv,335,286234c338c1d809b169411349d41e48bd6017af8c71e0bd39fde09705a18308
experiments/results/v5_success_focused_outcome_w25_source.json,65692,eb8a6c88f3d67776bfe6dd92594a318915ba8e5b3bac7d53d0869f7d8e68464e
experiments/results/v5_success_focused_outcome_w50_source.csv,336,89e70127277ddf40a9f028eebde25b260df7153684f3e4881a53c0b182d02e8a
experiments/results/v5_success_focused_outcome_w50_source.json,65674,0fb127ba48071afc3c6b08836b4c762dd38511560822e5fecd4ca035e15df244
experiments/results/v5_success_focused_outcome_w75_source.csv,334,4f1f7389eee37ba513b0c8991cacd4f8db3bb0f9abcfd0242b657cf8cbaa50fb
experiments/results/v5_success_focused_outcome_w75_source.json,65631,e9503551fcd4af6487a35ced72330cf8982eedc034fdfb160dbd91fc1b6bc6c3
experiments/results/v5_tabicl_environment_smoke.json,1918,71e8b1114459747088ba18ec0f03b96479e3069e15b128272f8c597ec3cd07c6
experiments/results/v5_tabiclv2_source2020_2021.csv,294,e54097b86ffe4b8137a3c6aa4cc9412d92f5d22d93a68da7da9ec6e3f14c3b03
experiments/results/v5_tabiclv2_source2020_2021.json,32097,62fa2b306176fecd963d802cafcd2a1d22e150de8be6a1f6e06cf5c4b88fc995
experiments/results/v5_tabiclv2_source_selection.json,61142,e3fa05e3b152d23de525a7e533e72947d80946a448c8cfacd328d857b24e5874
experiments/results/v5_tabm_conditional_trackman_selection.json,4179,b51298bdfb33275244e6ad398018c98963924d4ef1c9fd417ff9fcdc9371eca4
experiments/results/v5_tabm_pitch_gated_source2020.csv,211,56e12073d519a8505794a1934455a3634a3c9787f702925759a4f0fbff6fbc73
experiments/results/v5_tabm_pitch_gated_source2020.json,25253,7887ba8cb191d223fd258c5b42de2b85077e98b285c8c89946f018a1abd06795
experiments/results/v5_tabm_pitch_gated_source2020_gate.json,13573,8e1959a688d059eaf9b5fcd9b30194b88460297c03bfdab76e524a2f360a6ab4
experiments/results/v5_tabm_pitch_gated_source2021.csv,195,f08fa4b9e5965093964c2f1a748fab51decbeb9b2c7f0c5f758e1fdea31a8e3f
experiments/results/v5_tabm_pitch_gated_source2021.json,25236,a3b1e321edf49be33bcf310b4a08ecf76c4507b2ad93258cacdb996037acc081
experiments/results/v5_tabm_pitch_gated_source2021_gate.json,3197,578db00f98841dfc4e0e9747ebb6e6739ae66126e78d2bb23452f8ab041dc7ff
experiments/results/v5_tabm_successcall_conditional_tm_dev2223.csv,436,177debd81adfe32dc54f3d51afda80556912a6757488403e0b101af86b7846f3
experiments/results/v5_tabm_successcall_conditional_tm_dev2223.json,56937,34eea1e40c402ccbf6b6ee4e87204c778a17b4f94ce88c01f0568569cfd1f65c
experiments/results/v5_temporal_leaf_ridge_source21.json,1731,bbdd5e5648e571ee456d9ed271cbe74dac4b096cf4710b3e6734c9febe2568da
experiments/results/v5_temporal_multitask_head_2021_gate.json,4263,759564c6cc263fc116c34d88a5937a9cda31ad431344e1b118f182bc62c849fa
experiments/results/v5_temporal_prototype_development_gate.json,32362,c1ada5042b58f95617e40723d1e2734def933962ba8c6bd8b7f1cb9d712878d0
experiments/results/v5_temporal_prototype_source_gate.json,42900,aac5c67e09e1f73c9bf04edddbc1426aa46da95f4b1dc11e69264a10305e7641
experiments/results/v5_temporal_stable_joint_smoke.csv,196,8b7d1d548b44d8fd3d337d2d5ab3b8b8a552f8af51115cb6dbb2f2658c570dda
experiments/results/v5_temporal_stable_joint_smoke.json,40043,41af2ec0f40a74b973a519787da474895518d1eb107790d2510b639a013070d3
experiments/results/v5_temporal_stable_joint_source2020.csv,201,5fbf4a091ad5db8ec8085b40540b086a17707aa2eb49bdd4fff16856ba49c869
experiments/results/v5_temporal_stable_joint_source2020.json,39746,9bb89008491d8faee925d27ac6c06ebf952c3ffdf50fcf2b8683577bba89bc5e
experiments/results/v5_temporal_stable_joint_source2021.csv,201,bfb15e8475dc6fce0bff95181a1cdfbc4c99390e759f4e21d8f256b8edf5edf2
experiments/results/v5_temporal_stable_joint_source2021.json,40116,eec0352436ef78478440f489cb7e63b4c8b097f7d6138e730e074282de921331
experiments/results/v5_temporal_stable_joint_source_gate.json,34127,644887baecedc6195e69b13ef145ede5ee3488d72bb70b316f96047a3c97bc7a
experiments/results/v5_temporal_state_offset_gate_source.json,71530,1de25b1556ec3729e5986de42bfa2ef0cdf4c46b82c480593b1c364b802fb2f5
experiments/results/v5_three_axis_component_dev2223.csv,337,2fd529101da4d6550b7937e03e1bf575b6e0d6ba30e839ee61d740fc69425166
experiments/results/v5_three_axis_component_dev2223.json,80841,b03bb644cec773ae155b9f7596ddc0c2989446ee5c08d8fb24107011d0cb636c
experiments/results/v5_three_axis_current_dev2223.csv,304,e9fd2aa60c05884b6c6fb1ffac11cab83d7bb304e75b2ccc7ec8af7cda87d031
experiments/results/v5_three_axis_current_dev2223.json,54625,7579f9b2704be3643ebccb5be4e5eb5daffe28e2136781e4ff8c77ed65686b8b
experiments/results/v5_three_axis_dev.json,27382,6003b6bfd4f2011f7ac82976bba69d49c2e5ab7e9cf1ce388ad79fbffd7e05d5
experiments/results/v5_three_axis_joint_dev2223.csv,319,d91e04e7ed04280017177ea1017db7bf78d6708ac960d3b89b64a034d4be3723
experiments/results/v5_three_axis_joint_dev2223.json,82340,d426eaae18890439059f2428298a6d1610236456e63a88f6580e38e5aa9da58e
experiments/results/v5_three_axis_source.json,23109,4048469ab1e36676794c19b63f179bf180e020623ec11cd699174f454c3daca2
experiments/results/v5_trackman_archetype_c_2022.csv,264,aac45f27245c2d8c74e64cea4fa33fcd25c6874f9ff6bee0487d7f7a9220c379
experiments/results/v5_trackman_archetype_c_2022.json,41224,459b49d4d6292bf8c468e14e1dea433aadfbf80f0e5157d8a4aa33b398ee7c22
experiments/results/v5_trackman_archetype_c_selection.json,3527,f346ffc5d44b3834af1c1ae5eefcf24e4978e3dcfc472bfc4381024f443d06ec
experiments/results/v5_trackman_archetype_c_smoke.csv,209,f677155c6d32d527877de7fb7ad5593f348c35493b3bfa79e209c08f6318e4cf
experiments/results/v5_trackman_archetype_c_smoke.json,40931,de7a0302687cea330495133381a78a2f7d89f7ef7576d1b515e5d337e1cc6561
experiments/results/v5_trackman_archetype_stability.json,5041,190b3762e0932f668248b490fe4eb88ea501d5629f572d9d0b93c71f3ab7b36d
experiments/results/v5_trackman_game_repeatability_source.csv,335,dfe1c1e100103625f59ff9ae0a59943f1606bb157f7062f2170218ad78f841bd
experiments/results/v5_trackman_game_repeatability_source.json,77933,307166abf2c6a70900d4ab73a5585190e02be303cc61c37553224d8b7b2bda0d
experiments/results/v5_trackman_game_repeatability_source_gate.json,6762,b2c05d793ecf44ab2bcc44d7ebc61a615a3ce5731a135f71ed92e471b9909251
experiments/results/v5_trackman_id_structure_source.json,82040,a08e9633bfc3179421f9392c17682a7f5ec630d0869ccebaa2cb37db15e6d7bc
experiments/results/v5_trackman_inning_physics_source.csv,326,e15d5014ee1f9601b198162d6e0af1a898bd34d8b885d2106eb89aacaf4c8c07
experiments/results/v5_trackman_inning_physics_source.json,79064,9daf44dbe5ee9d85f4b394461a2448b48d78bad3eb195caca0002b6ff289c37f
experiments/results/v5_trackman_inning_physics_source_gate.json,6475,117a581b5ebbe4dcb14f629845b81ef39beee06a26a04ce98e763caec7a3f3fe
experiments/results/v5_trackman_lupi_c_2022.csv,260,d449f684ee130d04fb5ac4cffaa6303f95df28cbd4e383dea14f40515e7bf467
experiments/results/v5_trackman_lupi_c_2022.json,44410,70cedf998ad4be7323039048c640c2b954526f4f1ee12f39ecf86ecc8bd12ce2
experiments/results/v5_trackman_lupi_c_selection.json,3421,e2c5d08139b362ee085b95aa5c1beb5688777304281828f9669f6412b6826b08
experiments/results/v5_trackman_lupi_c_smoke.csv,189,df2498492afca4541d6be424fa7cd72835ff37fead7207c6f88e10b39b826abb
experiments/results/v5_trackman_lupi_c_smoke.json,44180,966ee2f5bf913059f4f06d27816c31084a0b2379611c75b1fab46adb32a7097d
experiments/results/v5_trackman_soft_student_2022.csv,246,4867ec241bca17ea921001180841b7f2dbc7c2da44c3b9a0d5eb3f27efe9d154
experiments/results/v5_trackman_soft_student_2022.json,43604,6998eba4cdfdf11c9b1a960417a752ef368ac74771860e13034fa8a3aca72b5e
experiments/results/v5_trackman_soft_student_2023.csv,265,95a48ea2e3e68410a3af694fab7343ec8e79e0309f36c49759457c17c1e6681b
experiments/results/v5_trackman_soft_student_2023.json,43731,6ee3192c7381e10debb34a5cb4e00dda7e5adb562330c58f6e78c34ec7b0b5d5
experiments/results/v5_trackman_soft_student_selection.json,13205,0dbf8f68493b1494db5029c52d8565d17bc897a238594e4e08c552dd292ef131
experiments/results/v5_trackman_soft_teacher_artifacts.json,1986,f108d74f43e7d14261478164f382111e45de9d10d0530270385d526695146f2d
experiments/results/v5_trackman_teacher_scores_dev.json,3778,4214e5304668eb0e27c005627eea5f5a52b3524dc4f5b973ec67ea542450ca4e
experiments/results/v5_trackman_workload_c_source.csv,417,435ed8ef6f31f7a09ccad322a008795ab061363a97a2c60079f774c383104529
experiments/results/v5_trackman_workload_c_source.json,70986,ec24f5957375c0cfffa90104b4e285ef3ddacd14f4961e9d6a69efa3d1febb50
experiments/results/v5_trackman_workload_c_source_gate.json,54693,17de2168285a5fcb7c176e3b3648dda1a72fd3a53c12a19a9b86c78eb08efcbc
experiments/results/v5_trackman_workload_feature_audit.json,3399,96ba3dfb9bc0f94b33388d28ad30317d7dabcf262686bed352c39b100699fe4a
experiments/results/v5_transfer_catalog.json,171310,bcfa4453d5db4bba296dc894e6510cbee0a9904a3028d5220abc386f8d4d4601
experiments/results/v5_two_season_residual_consensus_dev.json,16581,de921a4172f288caf54f451739f7dcf0f91ba0ce4ee8440755c6ad5535d08a52
experiments/run_baselines.py,21915,1998ec86ac2566c5c8804082a9c02f8bb7baf18565c03b8c01e596da77496499
experiments/run_e10_rolling.py,7845,c680286838e552e4d40482e657ad0334d9146f935dbe6ab5ab7d8668ac5f53ee
experiments/run_e11_rolling.py,11217,3d873ed217bc3336925f08c62a5773014ce5882cb692bb431db469f1a553f29d
experiments/run_e14_rolling.py,21544,918a0ebc7d8f7702db006be6f8e48c89cf218a4dec0f3cc101baa0837329e26a
experiments/run_e15_pseudo_forward.py,7653,c8a4c4170575625d3dbbaacf9b245a5be4b579e4d0dd8e2319c22ca6f6c7de99
experiments/run_e16_rolling.py,16055,c70cb362082855b31a08b8185f12d6bb88659f20406c51922032e61aafcd83ce
experiments/run_e20r_rolling.py,43451,8c2e010801a69c5481d9641757483de187251512a31ff027ed0a2435dfc128bb
experiments/run_e22r_mixture_rolling.py,10138,8602b41c49b498226ab99732bfe189763f5fc7ce979948d03456f0d67cfa10ea
experiments/run_e22r_probs_rolling.py,14840,28d3863bcf5b8042cb3573cb36430dda71e2cce7433dc9335f7110a3b1eecdf1
experiments/run_final_ensemble_rolling.py,11362,532068cf34fd505c0b4563b1325c33002a785c1cf7d9004703e5060bc75142dc
experiments/run_temporal_calibration_ensemble.py,25215,c77b2fb3847bf29ed550e97ccaae64a9cab0f42f5f2a7ba08d3fac30f7eb6ab0
experiments/run_v2_rolling.py,452421,c33804c38d355f2f0e600e53a00ed41da82424c6e382074502663b747aec4830
experiments/run_v4_meta_support_backfills.py,3242,bb6be625a64c752d36bb4b44f18bd09053b39cbce54e72c1c19709a28240a3bf
experiments/run_v4_public_detail_rebuild.py,10407,d39766fd6891d959e3b18b23c27ec1cec06ba55fbce9969f01d830610f6a2baa
experiments/run_v4_teacher_distillation.py,8116,e7cdbc5f35643dec963fdd4fa493222e8d8b3344e60ea81a6a832524e819af2e
experiments/run_v5_group_soft_development.ps1,2139,213f4f4781dc25365d99e331b8eef0e6a9eff7bb5227923af32a56726cac5da4
experiments/run_v5_group_soft_source.ps1,2479,58128b5cf68823ffbc8e145426ceb6a95f6f3c91987cce53a574953e770555d5
experiments/run_v5_h1_residual.py,34774,6c5d157325178d7637d0880765bdcb1af73334011af8f87796d20b89ab7e125b
experiments/run_v5_hashed_cross_source.py,13242,ef898f4ad7435f61bb98f7c217dfaaf4e224834356bce73bbada69dcb7edb1d5
experiments/run_v5_matchup_factorization_feasibility.py,16429,acfbea3638bbd14441082ffd1c532264adcfdceb2fee6703cf446122d9cb75c2
experiments/run_v5_monotone_state_brier.py,16190,52904c842779a76b51681037358be1c3162f03e450bb82870b3db2e439aa610a
experiments/run_v5_multinomial_offset.py,20626,cbe7995cf0d8db795e5a2d0528f3a00a8f2c7dc5653ed118362f631bb9dfe769
experiments/run_v5_pitch_selector_context_tilt.py,17451,dfd026257b24581c321fae3478411cdd722effe0732fbdcdb39581aabcd84da4
experiments/run_v5_pitch_selector_prior_pool.py,12395,93060d09c3c47062f0f93822e509d394040c293dd5a1b261772b32f67a1468b8
experiments/run_v5_privileged_trackman_teacher_feasibility.py,10188,91b79a481a5923013cbc0f51f89aec93de30df90848b996860e414fc99512f36
experiments/run_v5_temporal_leaf_ridge.py,8258,aa8dfd080974b6f5c3c3f28907b50f67d6efbda6c025db8e554e611779e3482e
experiments/run_v5_temporal_prototype_development.py,10227,0d3e281dac90c21605fd6f6c003aab589a325778542d08ef0ce3e517027a5d44
experiments/run_v5_temporal_prototype_source.py,21348,0f09bbd83f4ff5aea91ca7a3ee67da96399870741de64a361ced922102809262
experiments/screen_v4_deep_arch_r_oof.py,4432,26e7a10d9a122a669d8fef4b54e34f9682d53e6267dc24adf5093b01995adfbc
experiments/screen_v4_tabtransformer_seed_ensemble.py,3252,b0e619dbef50940f79b944bdb81a0ff3205e8bfe280dc5abb96a50cf27595a06
experiments/search_booster.py,9256,b40f8539aa3be3295961c7b6ec0a4fbe0794428fdb648b47fb5ac5f3c87e2b5d
experiments/search_ensemble.py,10668,01dde4ce8534d4e545a4858517685ca06994bf290888d3a41486796638df1d0a
experiments/smoke_lgbm.py,2085,554be20a41ffbb01075e63877178cb6f67bae8fdd55725d3ed1ddd0031c95b78
experiments/smoke_v5_tabicl.py,9119,54d5240bd3f01ce74c976fb8557560cc26d85890364b806d0a1b881578b56130
experiments/stats.py,5505,f55a351e0e0dddcd674c11fc613db75d0c5d169a8405c9309b28aaecd3998b11
experiments/v4_current_ensemble.py,3170,4721367f0ba24795d8827353b6cec5d8605563b8dd5c4b380a8082888655d3c7
experiments/v5_adaptive_state_space.py,8236,4f82d623dedcbf602164c3990ae4b815712f6eb910974eb36d3ab9c210fbcaaf
experiments/v5_batter_trackman_profiles.py,11748,9684baada28ecc542e2cd5e935d05c7e99e14653aeeb28095e06875c8349bed1
experiments/v5_conditional_physics_integration.py,16114,7aa2f16eff561421c5e9130bea9340bb5550dd627d712e1e7c48c7366dadfa9d
experiments/v5_contextual_privileged_marginalization.py,16179,dc41b19fd7cc7b3eb4906a72f00e3a116928d9bdb53b377590d0577eb60d9b58
experiments/v5_direct_teacher_integration.py,11731,ab2becdb5400e6cc2b63d76fa508c2c8e959925bcc395744c30ae43c3dee0073
experiments/v5_direct_teacher_integration_v2.py,11412,a4869d7f15dfd241343d6a5116ccdd85a6c786d0d1b6c1ec3a33d53f91087b3a
experiments/v5_expanded_trackman_profiles.py,4978,d7f2f4ecfddc2ee87e8b0e6b40974fa0819fa911122dd53a729010699de91975
experiments/V5_H1_PREREG.md,839,bee7be6509293cae2284c9704f86af6acb62150d3d4b34c192e90e4bfed78f73
experiments/V5_H2_CONDITIONAL_HISTORY_PREREG.md,1205,2dbb9057b78aa035eb97e124167bc4187263e64e90668c62e87938340b4f285d
experiments/v5_matchup_hand_selector.py,10399,c35d0aaecd547ed2f794a006d9777b3d1707b2d19376d00df366a799dd83800d
experiments/v5_partial_trackman_linkage.py,16813,e4509a691ffc24553fc3e762da651f9f4e2d7de45fc7126db25e87b26981b811
experiments/V5_RECENT_DENOMINATOR_PREREG.md,672,ca84ac88ca2fc0b173e83ea1324753f90fa1ac48f871bf606fa7f8a1607bebad
experiments/v5_recent_workload_decoder_features.py,17584,8532e7f08836fed28ed62c693b44b7f23d4529c565792e3c3ff96758456681fd
experiments/v5_trackman_archetype_features.py,6990,66abbcea08cd22f26d33e0ffcb81ec57f2278d0d60bf484370f14b1af3974d83
experiments/v5_trackman_game_repeatability_features.py,9764,126023fe61a74cef70427b1ab6267f15ab234d9a30a23922d89cd4709b56032e
experiments/v5_trackman_inning_physics_features.py,11401,9d6e2103fdb5537aaf68fcb7b6cbf9661b23bc6a30bbabdb4482490994b0cd0f
experiments/v5_trackman_lupi_features.py,10375,0c54bdb5631f3891d9b9cc0688ca2361ab42e755b0f65ddb8d980ebea2a243e9
experiments/v5_trackman_teacher_profiles.py,10027,8c9851330b2ab9cacc4f68bdc06b625e2d16134545f63922e47368188573bb11
experiments/v5_trackman_workload_features.py,12757,01a238f2c44581ef87b5bb17037aad1cabe6e1593c0e8b9a68954106484cb416
kaggle_offload/__init__.py,204,4d0406dd8286bcdb1580c74977c83d69ef7d7c941160f2ad2a4b3f400a9fe71b
kaggle_offload/offload.py,13982,ba24aa3861f2efda8d036d8d9b802f4dd04a8df6348c132838d3c1d4b76020fc
LOCAL_ENVIRONMENT.md,8891,673f9ed949529d1a36c1d6e134791971f8b597001aecdef085fed731f367ed59
open/data_description.md,12443,46dabeaf20ded13260e66a8a5363eb439745363e78e734d85f113707d4fe063b
open/DATA_SETUP.md,470,5c54356bd9a6a470f4b745e59dcf634b95d4cee0a0facd091b57b476290ab8ed
README.md,3226,083148ee16434c44ef4adfa66346189b67baa7b451925d8d473a08a6afb75430
requirements-baseline.txt,136,215d7104fb6f38af1d71bf09302a7a2cb243ff4ba0f5bf69b7f20ba1586cdc78
research/ANALOGOUS_DATA_METHODS_AND_EXPERIMENTS.md,92067,1c651ede835c27f40d372bc55b7b38423cae85a209c33c33ca7c2850a3e3359a
research/EXTERNAL_SOURCES.md,622,180a6cfebd8794d763095e771e46b20965403ea34ddc9a8001bb943df0dd12dd
research/RELATED_WORK_AND_EXPERIMENT_ROADMAP.md,80793,c551921c0f45e4166bea8c22f13c8a3bc228badb8f101be9ab291af8b6eecd29
submission/archive_candidate.py,5268,87310f713d9e4b40853dae9ea2f18a2f7f41e0ca9c4bc969fc8cdcb9c94afc11
submission/build_e14_submission.py,11053,6dcbd3f9f44979013633fa1a560f810f5dd7504e383a149b1c78b84642a65ae2
submission/build_e22r_mixture_submission.py,9304,8123dd195c28d359fbab69e09047e3541f8b767e4a73b8a88ade1fc39340e261
submission/build_e22r_submission.py,8865,5ff0b05d9f3b75ed9be812a6ba74c779ec7637ad49a46adf21ff4ab2b043ae0d
submission/build_final_ensemble.py,8154,a7758efb6867587658ea702adb436a2588894bc79219c67c85b9e7fc18b308b7
submission/build_from_ensemble.py,8253,7116e36b654e24a9198eb71796faf4044e550f05fa635a4edb0caace99d42957
submission/build_submission.py,8507,8c97f0433caab89791ee8792475b7b56933f092db9de5107a32a05387fabca8d
submission/build_v2_candidate.py,22830,07253a4b235a8a5befceddb3a5451fa22ef7a773d33df6b919ddd20d7fee04de
submission/build_v3_sparse.py,20126,b57cc4c3c368a4fa13b0e469972910e4a8df6db9cf9b4976f41a8de1c2518b37
submission/build_v4_compact.py,17343,55fae4c408d09ad445f61c4d321e9a3b38f52d82a6d86ac3a55ebd9b88f94331
submission/CANDIDATE_REGISTRY.md,7875,e7cb564a8a9fd39ebaf26e82362d0933751091d25145d8ea7f1f3330441254f0
submission/dist/S10_s4_hgb80.verification.json,3279,c561c302a703f541209f263f30ac6bcfe450dd614d5482048c4a1675edca5290
submission/dist/S11_s4_hgb100.verification.json,3283,111fda14e86a9bceef7fe705d3260c9451b5dd749edb93df2a900c21bd0cdf72
submission/dist/S1_official_frozen_rf.verification.json,4476,940f7ba8824a73d62828e8b398ce05b4a364995a97d18413e5665ae2ae5b8111
submission/dist/S2_linear90_hgb10.verification.json,3286,41f32457a740445c04788750621a63701085bd7e148521955899d59b4d52477a
submission/dist/S3_e14.verification.json,3275,9b138fc32ebb67cbdaf4ca0a02b2b2927d84ec74aeea377bfa0b8ac44b5e2ec5
submission/dist/S4_e14_r_recent3.verification.json,3281,78c275939217266ac1fff2763123587c63e57b645f44bc0aea9d8ff1e2e74d7d
submission/dist/S5_e16.verification.json,3276,33da15d5d3520c4720aea992b097213a8f01fffa0f8228f619ec02fefa500055
submission/dist/S6_e22r_probs.verification.json,3281,86af9fb9158de215f66a0fefd64b41eba9b6cd8c51db5762333f053edcda943a
submission/dist/S7_e22r_mixture.verification.json,3289,e3cadf90d7806c432282552d1981aa64aaa952d0559730c34a1c2f7ab2f7879f
submission/dist/S8_final_m3.verification.json,3284,0a64dacf7a4a36561e598b228c5f426b31f69b65c49a4babcecc5416b5e373b8
submission/dist/S9_s4_hgb50.verification.json,3279,c94a9656efcc70239bf5cf129f6c8d002e65b8a028b7df0a9252eed2b2c54684
submission/dist/V3_sparse_m2_1100.verification.json,2894,dfe99b5d5d16f101fd7c71e710e033f6502925b19d425c76a1e8a0d08fb393cf
submission/dist/V3_sparse_m3_1103.verification.json,2898,9900898ad8e37df7896952a94924c6b27b753c590013eb7483007b0fbbaf811b
submission/dist/V4_compact_supported_1193.verification.json,2951,a019698d23ab442b919f51455e84427ccd9bd366b7eb6c6befe68625086f8ee8
submission/dist/V_base.verification.json,3289,e7aad00562ea156ad7cb9c81566c3af8f7f242f135e5ffb85431ecbbc195e6b5
submission/dist/V_catboost.verification.json,3317,bf2f2b0933f5a4a7287afee8cfd3d1e8af8eee03c23973a2c2d0339d4d29433d
submission/dist/V_ensemble.verification.json,3319,301f1ad14d880c6454631f3721908b5e5e743f2b2d6e41c935a6f38efa91aed8
submission/dist/V_ensemble_shiftm0.032.verification.json,3329,89b864a123aea3d6d33f5170c0b0a2c19328169a94eedbd291367768fbeba3d0
submission/dist/V_ensemble_shiftm0.064.verification.json,3327,1816556ce505ba9ae2825be5ee71cbffc2d3a995eedce058d43012aadc65fb1b
submission/dist/V_linear_tuned.verification.json,3299,1366032a74e06fd59c3de47a295703e1f9415ddc7f9ff13bd44d2c4040f612f3
submission/make_submit_queue.py,11177,4f03aa51ed5501610535dd8ab76c81de1816404a5ab312efb463f2ee88dd0f5b
submission/prepare_v4_full_refit.py,3537,ae6e0e379f4b0a88b09a2a30bc788cc4ed8c44488e93140f0d088ce4ede79eb0
submission/records/leaderboard_2026-08-20.json,1748,f3fc1f399535accfb066a19b22503983b779fda654a67f510b3175c70fda7fa1
submission/records/leaderboard_v4_user_report.json,741,9ed7b5f8a467fea38f325d19a28345d2843198779830cfabaf67a70d840fd49a
submission/records/S10_s4_hgb80_build.json,1063,580d68b1cace126f2841c90e317990be47c04298b2e6d0bb1d1517613bb3e2eb
submission/records/S11_s4_hgb100_build.json,1061,3eace7306f177cc9cd24c406cabc88fafe5fa3160aded0a1009813722f3af42d
submission/records/S1_build.json,900,036bf36e0b44efe67b539c5261e926397aac66599cfc1e9ca67b787213049106
submission/records/S2_build.json,1479,9c4cebdc3fada6d9d5eeb7f0e6bcc1d210c63ef50c585e79ca038f4f1948790e
submission/records/S2_reproducibility.json,361,a42a59fe1c1ab89fa3168050aec28279094784bbed84f164239e5734b82bb1c4
submission/records/S3_build.json,1939,e46f33ec7b2e06dd8885c0aa65e4e0085b03ae106d18a4845667e918eb480e2a
submission/records/S4_build.json,2049,c7b28124931487119e791b320c240d3d329c13afba629151a16cc29f99c40cb2
submission/records/S5_build.json,2401,dedfcf8dc87358c1705f03ee800a439adc10755c8d977b5fdd335e363618692a
submission/records/S6_build.json,2089,d16fbc7586667ad2b7f91cf5a75b356e20d6fa8d3c2fb58d7db868d781760cb2
submission/records/S7_build.json,1736,20cdea225b08271f023eecad9dbadb5c2909547ba402782003a6dadebb4eb308
submission/records/S8_build.json,2093,6004e83cdbbe0a6fc0393950ba894a8d4b830b7974bf1480444d4fa6465a482d
submission/records/S9_s4_hgb50_build.json,1061,7bed399dff319baeec57e7dd04b01f375438b6f5deee013ce1b532670c2501e2
submission/records/v2_package_index.json,2699,ae5e196105ee942d91c46daf5494c3841ddc16d8cae127c11e099eac108ac94c
submission/records/v3_package_index.json,3772,26b6cb7ee5f230bad78527c9f2ffdefbe6d5bb93ecaefb5c00fc2d382f327971
submission/records/V3_sparse_m2_1100_build.json,1289,f494753a240d3a9cc99af589820395ca4b69156c323c7583e8dcf97135347a3b
submission/records/V3_sparse_m3_1103_build.json,1327,ddc5670e0403dd2094243bf9add505e8ebda380b89dc9c5cfad06d71b6d6c5c6
submission/records/V4_compact_supported_1193_build.json,1322,e56e90254a6b63d478acf425cb15e9629b250f9c28b6f617eb04d05a095e40f5
submission/records/V4_full_refit_preparation.json,451,538aa78fe151e32736ed3374db3ec95cbffada18ae99021a0a4f97d963a6a97b
submission/records/v4_package_index.json,1855,6604aa1bf73571a26757bdd4407d206ed17bbc247e57fba5faa74ced230ef778
submission/records/V_base_build.json,1039,5ffc0de3ce694363921e89eeec6ee1b54fc79b375963fccaf666b47d48e24465
submission/records/V_catboost_build.json,1063,7f046ee40c24adb56c6bd60395dd71e5725648c0e142f499e8d74965cba736a6
submission/records/V_ensemble_build.json,1136,357e926deba9534d0d5ec3e5a055c211444fff85c937437d8a21651c9de8e34e
submission/records/V_ensemble_shiftm0.032_build.json,1481,03f7032c9417f027f530bb0f610d3f0abefe7b3264bd18b0ec5bd07690c21ca1
submission/records/V_ensemble_shiftm0.064_build.json,1481,23d3058d6eb39245b4f5d9992865301f397c99ac46a8497776ee16bb0195b5e1
submission/records/V_linear_tuned_build.json,1069,2229142bf4df1fc5667f7389c3d7cf9a91f1da2b6fa11116b5a5bd841583500f
submission/reweight_candidate.py,4150,06b757c2b8826c506b659c424a397812ab485373aba38dd71217b157f65a7fdf
submission/run_v4_full_refits.py,5830,6d3d6d8b6b99d3a9eaa2efc3e9c157c5a05c5cca7423865027182c3cabe12b39
submission/SUBMISSION_LOG.md,13969,1212f95e66596ee99ed6f7bf33e0b90075ae13d85931db8d7ca67251f971199c
submission/SUBMIT_QUEUE.md,5523,520c75716ff2730cf4b0f8b64837dad8531fdbdfa8c8f141a050d2c453e59df5
submission/sweep_blend_candidates.py,3572,8fc91dc58e401617a012c8e818026181de07e54561f29c926546f952ccb4b5e7
submission/template/requirements.txt,148,ab5d586739d9be33f93610bef54d604d8689277b5210b41caa10e5570376a9b2
submission/template/script.py,19886,85babb4f136248754dc4a28f3bcda7cf282df0067c3e605531a0be1be13ec32b
submission/template/script_v2.py,12197,731ec9e14994954241a85c62c222e361a50311e4a06c9d569f0c92aecc5e8b54
submission/template/script_v3.py,17427,7a496cb3f2d657ca46dc4f96ed1f3ea7e55ef5f7f02c9180ceb58e2d174175e7
submission/template/script_v4_compact.py,17076,40480b4faee34cff00e907bbca0cc417855f9b048eba3fa37f540d0b1dc34f07
submission/verify_submission.py,14927,c120205e7bc49644dabd634ebacdbabc905210037f47e7d2ad9bab3f1f7d74a1
tools/build_catalog.py,2352,2cbd2a2e716cfef24198a20038f7c5a9243e8043bbea62c0386521cfbe57a2ac
tools/build_manifest.py,1495,b507494ce3d1364ba3f05d26ed56c0b6b58af3d8702f87244628463f68dca2b4
tools/validate_repo.py,3462,7cb07ee8c570c4a11122d3c8248eef61bb89c1b02302d5855081b39372a072a8
